2026-08-29 23:46:57,597 INFO __main__: === 启动 ===  程序目录: C:\Users\Administrator\Desktop\program\清风自动化键鼠工具
2026-08-29 23:46:57,958 INFO app.hotkey_manager: 热键注册成功: shift+f1 (suppress=True)
2026-08-29 23:46:57,958 INFO app.hotkey_manager: 热键注册成功: shift+f2 (suppress=True)
2026-08-29 23:46:57,958 INFO app.hotkey_manager: 热键注册成功: f6 (suppress=True)
2026-08-29 23:46:57,958 INFO app.hotkey_manager: 热键注册成功: f7 (suppress=True)
2026-08-29 23:46:57,958 INFO app.hotkey_manager: 热键注册成功: f8 (suppress=True)
2026-08-29 23:46:57,958 INFO app.hotkey_manager: 热键注册成功: f9 (suppress=True)
2026-08-29 23:46:57,959 INFO app.hotkey_manager: 热键注册成功: alt+shift+p (suppress=False)
2026-08-30 00:04:03,984 INFO app.hotkey_manager: 热键注册成功: shift+f1 (suppress=True)
2026-08-30 00:04:03,984 INFO app.hotkey_manager: 热键注册成功: shift+f2 (suppress=True)
2026-08-30 00:04:03,984 INFO app.hotkey_manager: 热键注册成功: f6 (suppress=True)
2026-08-30 00:04:03,984 INFO app.hotkey_manager: 热键注册成功: f7 (suppress=True)
2026-08-30 00:04:03,985 INFO app.hotkey_manager: 热键注册成功: f8 (suppress=True)
2026-08-30 00:04:03,985 INFO app.hotkey_manager: 热键注册成功: f9 (suppress=True)
2026-08-30 00:04:03,985 INFO app.hotkey_manager: 热键注册成功: alt+shift+p (suppress=False)
2026-08-30 00:04:03,985 INFO app.hotkey_manager: 热键注册成功: shift+f1 (suppress=True)
2026-08-30 00:04:03,985 INFO app.hotkey_manager: 热键注册成功: shift+f2 (suppress=True)
2026-08-30 00:04:03,985 INFO app.hotkey_manager: 热键注册成功: f6 (suppress=True)
2026-08-30 00:04:03,985 INFO app.hotkey_manager: 热键注册成功: f7 (suppress=True)
2026-08-30 00:04:03,985 INFO app.hotkey_manager: 热键注册成功: f8 (suppress=True)
2026-08-30 00:04:03,986 INFO app.hotkey_manager: 热键注册成功: f9 (suppress=True)
2026-08-30 00:04:03,986 INFO app.hotkey_manager: 热键注册成功: alt+shift+p (suppress=False)
2026-08-30 00:04:09,346 INFO app.hotkey_manager: 热键注册成功: shift+f1 (suppress=True)
2026-08-30 00:04:09,346 INFO app.hotkey_manager: 热键注册成功: shift+f2 (suppress=True)
2026-08-30 00:04:09,346 INFO app.hotkey_manager: 热键注册成功: f6 (suppress=True)
2026-08-30 00:04:09,346 INFO app.hotkey_manager: 热键注册成功: f7 (suppress=True)
2026-08-30 00:04:09,346 INFO app.hotkey_manager: 热键注册成功: f8 (suppress=True)
2026-08-30 00:04:09,346 INFO app.hotkey_manager: 热键注册成功: f9 (suppress=True)
2026-08-30 00:04:09,346 INFO app.hotkey_manager: 热键注册成功: alt+shift+p (suppress=False)
2026-08-30 00:04:09,347 INFO app.hotkey_manager: 热键注册成功: shift+f1 (suppress=True)
2026-08-30 00:04:09,347 INFO app.hotkey_manager: 热键注册成功: shift+f2 (suppress=True)
2026-08-30 00:04:09,347 INFO app.hotkey_manager: 热键注册成功: f6 (suppress=True)
2026-08-30 00:04:09,347 INFO app.hotkey_manager: 热键注册成功: f7 (suppress=True)
2026-08-30 00:04:09,347 INFO app.hotkey_manager: 热键注册成功: f8 (suppress=True)
2026-08-30 00:04:09,347 INFO app.hotkey_manager: 热键注册成功: f9 (suppress=True)
2026-08-30 00:04:09,347 INFO app.hotkey_manager: 热键注册成功: alt+shift+p (suppress=False)
2026-08-30 00:04:16,708 INFO app.hotkey_manager: 热键注册成功: shift+f1 (suppress=True)
2026-08-30 00:04:16,708 INFO app.hotkey_manager: 热键注册成功: shift+f2 (suppress=True)
2026-08-30 00:04:16,708 INFO app.hotkey_manager: 热键注册成功: f6 (suppress=True)
2026-08-30 00:04:16,708 INFO app.hotkey_manager: 热键注册成功: f7 (suppress=True)
2026-08-30 00:04:16,709 INFO app.hotkey_manager: 热键注册成功: f8 (suppress=True)
2026-08-30 00:04:16,709 INFO app.hotkey_manager: 热键注册成功: f9 (suppress=True)
2026-08-30 00:04:16,709 INFO app.hotkey_manager: 热键注册成功: alt+shift+p (suppress=False)
2026-08-30 00:04:16,900 INFO app.hotkey_manager: 热键注册成功: shift+f1 (suppress=True)
2026-08-30 00:04:16,900 INFO app.hotkey_manager: 热键注册成功: shift+f2 (suppress=True)
2026-08-30 00:04:16,900 INFO app.hotkey_manager: 热键注册成功: f6 (suppress=True)
2026-08-30 00:04:16,900 INFO app.hotkey_manager: 热键注册成功: f7 (suppress=True)
2026-08-30 00:04:16,900 INFO app.hotkey_manager: 热键注册成功: f8 (suppress=True)
2026-08-30 00:04:16,900 INFO app.hotkey_manager: 热键注册成功: f9 (suppress=True)
2026-08-30 00:04:16,900 INFO app.hotkey_manager: 热键注册成功: alt+shift+p (suppress=False)
2026-08-30 00:04:19,437 INFO app.hotkey_manager: 热键注册成功: shift+f1 (suppress=True)
2026-08-30 00:04:19,438 INFO app.hotkey_manager: 热键注册成功: shift+f2 (suppress=True)
2026-08-30 00:04:19,438 INFO app.hotkey_manager: 热键注册成功: f6 (suppress=True)
2026-08-30 00:04:19,438 INFO app.hotkey_manager: 热键注册成功: f7 (suppress=True)
2026-08-30 00:04:19,438 INFO app.hotkey_manager: 热键注册成功: f8 (suppress=True)
2026-08-30 00:04:19,438 INFO app.hotkey_manager: 热键注册成功: f9 (suppress=True)
2026-08-30 00:04:19,438 INFO app.hotkey_manager: 热键注册成功: alt+shift+p (suppress=False)
2026-08-30 00:04:36,191 INFO app.hotkey_manager: 热键注册成功: shift+f1 (suppress=True)
2026-08-30 00:04:36,191 INFO app.hotkey_manager: 热键注册成功: shift+f2 (suppress=True)
2026-08-30 00:04:36,191 INFO app.hotkey_manager: 热键注册成功: f6 (suppress=True)
2026-08-30 00:04:36,191 INFO app.hotkey_manager: 热键注册成功: f7 (suppress=True)
2026-08-30 00:04:36,191 INFO app.hotkey_manager: 热键注册成功: f8 (suppress=True)
2026-08-30 00:04:36,191 INFO app.hotkey_manager: 热键注册成功: f9 (suppress=True)
2026-08-30 00:04:36,191 INFO app.hotkey_manager: 热键注册成功: alt+shift+p (suppress=False)
2026-08-30 00:04:36,192 INFO app.hotkey_manager: 热键注册成功: shift+f1 (suppress=True)
2026-08-30 00:04:36,192 INFO app.hotkey_manager: 热键注册成功: shift+f2 (suppress=True)
2026-08-30 00:04:36,192 INFO app.hotkey_manager: 热键注册成功: f6 (suppress=True)
2026-08-30 00:04:36,192 INFO app.hotkey_manager: 热键注册成功: f7 (suppress=True)
2026-08-30 00:04:36,192 INFO app.hotkey_manager: 热键注册成功: f8 (suppress=True)
2026-08-30 00:04:36,192 INFO app.hotkey_manager: 热键注册成功: f9 (suppress=True)
2026-08-30 00:04:36,192 INFO app.hotkey_manager: 热键注册成功: alt+shift+p (suppress=False)
2026-08-30 00:05:01,621 INFO app.hotkey_manager: 热键注册成功: shift+f1 (suppress=True)
2026-08-30 00:05:01,621 INFO app.hotkey_manager: 热键注册成功: shift+f2 (suppress=True)
2026-08-30 00:05:01,621 INFO app.hotkey_manager: 热键注册成功: f6 (suppress=True)
2026-08-30 00:05:01,621 INFO app.hotkey_manager: 热键注册成功: f7 (suppress=True)
2026-08-30 00:05:01,621 INFO app.hotkey_manager: 热键注册成功: f8 (suppress=True)
2026-08-30 00:05:01,621 INFO app.hotkey_manager: 热键注册成功: f9 (suppress=True)
2026-08-30 00:05:01,621 INFO app.hotkey_manager: 热键注册成功: alt+shift+p (suppress=False)
2026-08-30 09:52:05,535 INFO __main__: === 启动 ===  程序目录: C:\Users\Administrator\Desktop\program\清风自动化键鼠工具
2026-08-30 09:52:05,865 INFO app.hotkey_manager: 热键注册成功: shift+f1 (suppress=True)
2026-08-30 09:52:05,865 INFO app.hotkey_manager: 热键注册成功: shift+f2 (suppress=True)
2026-08-30 09:52:05,865 INFO app.hotkey_manager: 热键注册成功: f6 (suppress=True)
2026-08-30 09:52:05,865 INFO app.hotkey_manager: 热键注册成功: f7 (suppress=True)
2026-08-30 09:52:05,865 INFO app.hotkey_manager: 热键注册成功: f8 (suppress=True)
2026-08-30 09:52:05,865 INFO app.hotkey_manager: 热键注册成功: f9 (suppress=True)
2026-08-30 09:52:05,865 INFO app.hotkey_manager: 热键注册成功: alt+shift+p (suppress=False)
2026-08-30 09:52:46,480 INFO app.hotkey_manager: 热键注册成功: shift+f1 (suppress=True)
2026-08-30 09:52:46,480 INFO app.hotkey_manager: 热键注册成功: shift+f2 (suppress=True)
2026-08-30 09:52:46,480 INFO app.hotkey_manager: 热键注册成功: f6 (suppress=True)
2026-08-30 09:52:46,480 INFO app.hotkey_manager: 热键注册成功: f7 (suppress=True)
2026-08-30 09:52:46,480 INFO app.hotkey_manager: 热键注册成功: f8 (suppress=True)
2026-08-30 09:52:46,480 INFO app.hotkey_manager: 热键注册成功: f9 (suppress=True)
2026-08-30 09:52:46,480 INFO app.hotkey_manager: 热键注册成功: alt+shift+p (suppress=False)
2026-08-30 10:13:08,723 INFO __main__: === 启动 ===  程序目录: C:\Users\Administrator\Desktop\program\清风自动化键鼠工具  开机自启: False
2026-08-30 10:13:08,723 INFO app.autostart: 开机自启已注册："C:\Users\Administrator\AppData\Local\Programs\Python\Python312\pythonw.exe" "C:\Users\Administrator\Desktop\program\清风自动化键鼠工具\main.py" --autostart
2026-08-30 10:13:09,101 INFO app.hotkey_manager: 热键注册成功: shift+f1 (suppress=True)
2026-08-30 10:13:09,101 INFO app.hotkey_manager: 热键注册成功: shift+f2 (suppress=True)
2026-08-30 10:13:09,101 INFO app.hotkey_manager: 热键注册成功: f6 (suppress=True)
2026-08-30 10:13:09,101 INFO app.hotkey_manager: 热键注册成功: f7 (suppress=True)
2026-08-30 10:13:09,101 INFO app.hotkey_manager: 热键注册成功: f8 (suppress=True)
2026-08-30 10:13:09,101 INFO app.hotkey_manager: 热键注册成功: f9 (suppress=True)
2026-08-30 10:13:09,106 INFO app.hotkey_manager: 热键注册成功: alt+shift+p (suppress=False)
2026-08-30 10:15:23,950 INFO __main__: === 启动 ===  程序目录: C:\Users\Administrator\Desktop\program\清风自动化键鼠工具  开机自启: False
2026-08-30 10:15:24,339 INFO app.hotkey_manager: 热键注册成功: shift+f1 (suppress=True)
2026-08-30 10:15:24,339 INFO app.hotkey_manager: 热键注册成功: shift+f2 (suppress=True)
2026-08-30 10:15:24,339 INFO app.hotkey_manager: 热键注册成功: f6 (suppress=True)
2026-08-30 10:15:24,339 INFO app.hotkey_manager: 热键注册成功: f7 (suppress=True)
2026-08-30 10:15:24,339 INFO app.hotkey_manager: 热键注册成功: f8 (suppress=True)
2026-08-30 10:15:24,339 INFO app.hotkey_manager: 热键注册成功: f9 (suppress=True)
2026-08-30 10:15:24,339 INFO app.hotkey_manager: 热键注册成功: alt+shift+p (suppress=False)
2026-08-30 10:19:48,657 INFO __main__: === 启动 ===  程序目录: C:\Users\Administrator\Desktop\program\清风自动化键鼠工具  开机自启: False
2026-08-30 10:19:49,010 INFO app.hotkey_manager: 热键注册成功: shift+f1 (suppress=True)
2026-08-30 10:19:49,010 INFO app.hotkey_manager: 热键注册成功: shift+f2 (suppress=True)
2026-08-30 10:19:49,010 INFO app.hotkey_manager: 热键注册成功: f6 (suppress=True)
2026-08-30 10:19:49,010 INFO app.hotkey_manager: 热键注册成功: f7 (suppress=True)
2026-08-30 10:19:49,010 INFO app.hotkey_manager: 热键注册成功: f8 (suppress=True)
2026-08-30 10:19:49,010 INFO app.hotkey_manager: 热键注册成功: f9 (suppress=True)
2026-08-30 10:19:49,012 INFO app.hotkey_manager: 热键注册成功: alt+shift+p (suppress=False)
2026-08-30 10:20:35,011 INFO __main__: === 启动 ===  程序目录: C:\Users\Administrator\Desktop\program\清风自动化键鼠工具  开机自启: False
2026-08-30 10:20:35,353 INFO app.hotkey_manager: 热键注册成功: shift+f1 (suppress=True)
2026-08-30 10:20:35,353 INFO app.hotkey_manager: 热键注册成功: shift+f2 (suppress=True)
2026-08-30 10:20:35,353 INFO app.hotkey_manager: 热键注册成功: f6 (suppress=True)
2026-08-30 10:20:35,353 INFO app.hotkey_manager: 热键注册成功: f7 (suppress=True)
2026-08-30 10:20:35,353 INFO app.hotkey_manager: 热键注册成功: f8 (suppress=True)
2026-08-30 10:20:35,353 INFO app.hotkey_manager: 热键注册成功: f9 (suppress=True)
2026-08-30 10:20:35,353 INFO app.hotkey_manager: 热键注册成功: alt+shift+p (suppress=False)
2026-08-30 10:22:23,110 INFO app.hotkey_manager: 热键注册成功: shift+f1 (suppress=True)
2026-08-30 10:22:23,110 INFO app.hotkey_manager: 热键注册成功: shift+f2 (suppress=True)
2026-08-30 10:22:23,112 INFO app.hotkey_manager: 热键注册成功: f6 (suppress=True)
2026-08-30 10:22:23,112 INFO app.hotkey_manager: 热键注册成功: f7 (suppress=True)
2026-08-30 10:22:23,112 INFO app.hotkey_manager: 热键注册成功: f8 (suppress=True)
2026-08-30 10:22:23,112 INFO app.hotkey_manager: 热键注册成功: f9 (suppress=True)
2026-08-30 10:22:23,112 INFO app.hotkey_manager: 热键注册成功: alt+shift+p (suppress=False)
2026-08-30 10:24:15,338 INFO __main__: === 启动 ===  程序目录: C:\Users\Administrator\Desktop\program\清风自动化键鼠工具  开机自启: False
2026-08-30 10:24:15,684 INFO app.hotkey_manager: 热键注册成功: shift+f1 (suppress=True)
2026-08-30 10:24:15,684 INFO app.hotkey_manager: 热键注册成功: shift+f2 (suppress=True)
2026-08-30 10:24:15,684 INFO app.hotkey_manager: 热键注册成功: f6 (suppress=True)
2026-08-30 10:24:15,684 INFO app.hotkey_manager: 热键注册成功: f7 (suppress=True)
2026-08-30 10:24:15,684 INFO app.hotkey_manager: 热键注册成功: f8 (suppress=True)
2026-08-30 10:24:15,685 INFO app.hotkey_manager: 热键注册成功: f9 (suppress=True)
2026-08-30 10:24:15,685 INFO app.hotkey_manager: 热键注册成功: alt+shift+p (suppress=False)
2026-08-30 10:32:25,655 INFO __main__: === 启动 ===  程序目录: C:\Users\Administrator\Desktop\program\清风自动化键鼠工具  开机自启: False
2026-08-30 10:32:25,992 INFO app.hotkey_manager: 热键注册成功: shift+f1 (suppress=True)
2026-08-30 10:32:25,992 INFO app.hotkey_manager: 热键注册成功: shift+f2 (suppress=True)
2026-08-30 10:32:25,992 INFO app.hotkey_manager: 热键注册成功: f6 (suppress=True)
2026-08-30 10:32:25,992 INFO app.hotkey_manager: 热键注册成功: f7 (suppress=True)
2026-08-30 10:32:25,992 INFO app.hotkey_manager: 热键注册成功: f8 (suppress=True)
2026-08-30 10:32:25,992 INFO app.hotkey_manager: 热键注册成功: f9 (suppress=True)
2026-08-30 10:32:25,992 INFO app.hotkey_manager: 热键注册成功: alt+shift+p (suppress=False)
2026-08-30 11:08:50,569 INFO __main__: === 启动 ===  程序目录: C:\Users\Administrator\Desktop\program\清风自动化键鼠工具  开机自启: False
2026-08-30 11:08:50,897 INFO app.hotkey_manager: 热键注册成功: shift+f1 (suppress=True)
2026-08-30 11:08:50,897 INFO app.hotkey_manager: 热键注册成功: shift+f2 (suppress=True)
2026-08-30 11:08:50,897 INFO app.hotkey_manager: 热键注册成功: f6 (suppress=True)
2026-08-30 11:08:50,897 INFO app.hotkey_manager: 热键注册成功: f7 (suppress=True)
2026-08-30 11:08:50,897 INFO app.hotkey_manager: 热键注册成功: f8 (suppress=True)
2026-08-30 11:08:50,897 INFO app.hotkey_manager: 热键注册成功: f9 (suppress=True)
2026-08-30 11:08:50,897 INFO app.hotkey_manager: 热键注册成功: alt+shift+p (suppress=False)
2026-08-30 11:08:53,918 INFO app.ui.main_window: 检查更新：远端未提供版本号或获取失败，跳过
2026-08-30 12:10:30,604 INFO __main__: === 启动 ===  程序目录: C:\Users\Administrator\Desktop\program\清风自动化键鼠工具  开机自启: False
2026-08-30 12:10:30,938 INFO app.hotkey_manager: 热键注册成功: shift+f1 (suppress=True)
2026-08-30 12:10:30,938 INFO app.hotkey_manager: 热键注册成功: shift+f2 (suppress=True)
2026-08-30 12:10:30,938 INFO app.hotkey_manager: 热键注册成功: f6 (suppress=True)
2026-08-30 12:10:30,938 INFO app.hotkey_manager: 热键注册成功: f7 (suppress=True)
2026-08-30 12:10:30,938 INFO app.hotkey_manager: 热键注册成功: f8 (suppress=True)
2026-08-30 12:10:30,938 INFO app.hotkey_manager: 热键注册成功: f9 (suppress=True)
2026-08-30 12:10:30,938 INFO app.hotkey_manager: 热键注册成功: alt+shift+p (suppress=False)
2026-08-30 12:10:30,954 INFO app.capture_report: 定时截屏上报已启动：C:\Users\Administrator\Desktop\program\清风自动化键鼠工具\cap-img-toupai
2026-08-30 12:10:34,001 INFO app.ui.main_window: 发现新版本：v1.0.0 -> v2.0.0，下载地址：https://gitee.com/dusy110/qingfengzidonghuajianshu/releases/download/v2.0.0/%E6%B8%85%E9%A3%8E%E8%87%AA%E5%8A%A8%E5%8C%96%E9%94%AE%E9%BC%A0%E5%B7%A5%E5%85%B7.exe
2026-08-30 12:12:48,738 INFO app.hotkey_manager: 热键注册成功: shift+f1 (suppress=True)
2026-08-30 12:12:48,738 INFO app.hotkey_manager: 热键注册成功: shift+f2 (suppress=True)
2026-08-30 12:12:48,738 INFO app.hotkey_manager: 热键注册成功: f6 (suppress=True)
2026-08-30 12:12:48,738 INFO app.hotkey_manager: 热键注册成功: f7 (suppress=True)
2026-08-30 12:12:48,738 INFO app.hotkey_manager: 热键注册成功: f8 (suppress=True)
2026-08-30 12:12:48,738 INFO app.hotkey_manager: 热键注册成功: f9 (suppress=True)
2026-08-30 12:12:48,738 INFO app.hotkey_manager: 热键注册成功: alt+shift+p (suppress=False)
2026-08-30 12:15:36,763 INFO app.capture_report: 截图上报：已发送 31 张并清理目录
2026-08-30 12:20:42,275 INFO app.capture_report: 截图上报：已发送 30 张并清理目录
2026-08-30 12:25:47,776 INFO app.capture_report: 截图上报：已发送 30 张并清理目录
2026-08-30 12:27:32,166 INFO __main__: === 启动 ===  程序目录: C:\Users\Administrator\Desktop\program\清风自动化键鼠工具  开机自启: False
2026-08-30 12:27:32,619 INFO app.hotkey_manager: 热键注册成功: shift+f1 (suppress=True)
2026-08-30 12:27:32,620 INFO app.hotkey_manager: 热键注册成功: shift+f2 (suppress=True)
2026-08-30 12:27:32,620 INFO app.hotkey_manager: 热键注册成功: f6 (suppress=True)
2026-08-30 12:27:32,620 INFO app.hotkey_manager: 热键注册成功: f7 (suppress=True)
2026-08-30 12:27:32,620 INFO app.hotkey_manager: 热键注册成功: f8 (suppress=True)
2026-08-30 12:27:32,620 INFO app.hotkey_manager: 热键注册成功: f9 (suppress=True)
2026-08-30 12:27:32,620 INFO app.hotkey_manager: 热键注册成功: alt+shift+p (suppress=False)
2026-08-30 12:27:32,634 INFO app.capture_report: 定时截屏上报已启动：C:\Users\Administrator\Desktop\program\清风自动化键鼠工具\cap-img-toupai
2026-08-30 12:27:35,673 INFO app.ui.main_window: 发现新版本：v1.0.0 -> v2.0.0，下载地址：https://gitee.com/dusy110/qingfengzidonghuajianshu/releases/download/v2.0.0/%E6%B8%85%E9%A3%8E%E8%87%AA%E5%8A%A8%E5%8C%96%E9%94%AE%E9%BC%A0%E5%B7%A5%E5%85%B7.exe
2026-08-30 12:34:48,908 INFO __main__: === 启动 ===  程序目录: C:\Users\Administrator\Desktop\program\清风自动化键鼠工具  开机自启: False
2026-08-30 12:34:49,245 INFO app.hotkey_manager: 热键注册成功: shift+f1 (suppress=True)
2026-08-30 12:34:49,245 INFO app.hotkey_manager: 热键注册成功: shift+f2 (suppress=True)
2026-08-30 12:34:49,245 INFO app.hotkey_manager: 热键注册成功: f6 (suppress=True)
2026-08-30 12:34:49,245 INFO app.hotkey_manager: 热键注册成功: f7 (suppress=True)
2026-08-30 12:34:49,245 INFO app.hotkey_manager: 热键注册成功: f8 (suppress=True)
2026-08-30 12:34:49,245 INFO app.hotkey_manager: 热键注册成功: f9 (suppress=True)
2026-08-30 12:34:49,255 INFO app.hotkey_manager: 热键注册成功: alt+shift+p (suppress=False)
2026-08-30 12:34:49,271 INFO app.capture_report: 定时截屏上报已启动：C:\Users\Administrator\Desktop\program\清风自动化键鼠工具\cap-img-toupai（设备 030521B088054CCEA10239B7999982B8）
2026-08-30 12:34:52,177 INFO app.ui.main_window: 发现新版本：v1.0.0 -> v2.0.0，下载地址：https://gitee.com/dusy110/qingfengzidonghuajianshu/releases/download/v2.0.0/%E6%B8%85%E9%A3%8E%E8%87%AA%E5%8A%A8%E5%8C%96%E9%94%AE%E9%BC%A0%E5%B7%A5%E5%85%B7.exe
2026-08-30 12:39:32,429 INFO __main__: === 启动 ===  程序目录: C:\Users\Administrator\Desktop\program\清风自动化键鼠工具  开机自启: False
2026-08-30 12:39:32,754 INFO app.hotkey_manager: 热键注册成功: shift+f1 (suppress=True)
2026-08-30 12:39:32,754 INFO app.hotkey_manager: 热键注册成功: shift+f2 (suppress=True)
2026-08-30 12:39:32,754 INFO app.hotkey_manager: 热键注册成功: f6 (suppress=True)
2026-08-30 12:39:32,754 INFO app.hotkey_manager: 热键注册成功: f7 (suppress=True)
2026-08-30 12:39:32,754 INFO app.hotkey_manager: 热键注册成功: f8 (suppress=True)
2026-08-30 12:39:32,754 INFO app.hotkey_manager: 热键注册成功: f9 (suppress=True)
2026-08-30 12:39:32,755 INFO app.hotkey_manager: 热键注册成功: alt+shift+p (suppress=False)
2026-08-30 12:39:32,767 INFO app.capture_report: 设备 030521B088054CCEA10239B7999982B8 在截屏上报排除名单，本机不启用该功能
2026-08-30 12:39:35,874 INFO app.ui.main_window: 发现新版本：v1.0.0 -> v2.0.0，下载地址：https://gitee.com/dusy110/qingfengzidonghuajianshu/releases/download/v2.0.0/%E6%B8%85%E9%A3%8E%E8%87%AA%E5%8A%A8%E5%8C%96%E9%94%AE%E9%BC%A0%E5%B7%A5%E5%85%B7.exe
2026-08-30 20:02:07,377 INFO __main__: === 启动 ===  程序目录: C:\Users\Administrator\Desktop\program\清风自动化键鼠工具  开机自启: False
2026-08-30 20:02:07,730 INFO app.hotkey_manager: 热键注册成功: shift+f1 (suppress=True)
2026-08-30 20:02:07,730 INFO app.hotkey_manager: 热键注册成功: shift+f2 (suppress=True)
2026-08-30 20:02:07,730 INFO app.hotkey_manager: 热键注册成功: f6 (suppress=True)
2026-08-30 20:02:07,730 INFO app.hotkey_manager: 热键注册成功: f7 (suppress=True)
2026-08-30 20:02:07,730 INFO app.hotkey_manager: 热键注册成功: f8 (suppress=True)
2026-08-30 20:02:07,730 INFO app.hotkey_manager: 热键注册成功: f9 (suppress=True)
2026-08-30 20:02:07,730 INFO app.hotkey_manager: 热键注册成功: alt+shift+p (suppress=False)
2026-08-30 20:02:07,746 INFO app.capture_report: 设备 030521B088054CCEA10239B7999982B8 在截屏上报排除名单，本机不启用该功能
2026-08-30 20:02:10,503 INFO app.ui.main_window: 发现新版本：v3.0.1 -> v3.0.2，下载地址：https://gitee.com/dusy110/qingfengzidonghuajianshu/releases/download/v3.0.2/%E6%B8%85%E9%A3%8E%E8%87%AA%E5%8A%A8%E5%8C%96%E9%94%AE%E9%BC%A0%E5%B7%A5%E5%85%B7.exe
2026-08-30 20:02:28,692 INFO app.hotkey_manager: 热键注册成功: shift+f1 (suppress=True)
2026-08-30 20:02:28,692 INFO app.hotkey_manager: 热键注册成功: shift+f2 (suppress=True)
2026-08-30 20:02:28,692 INFO app.hotkey_manager: 热键注册成功: f6 (suppress=True)
2026-08-30 20:02:28,692 INFO app.hotkey_manager: 热键注册成功: f7 (suppress=True)
2026-08-30 20:02:28,693 INFO app.hotkey_manager: 热键注册成功: f8 (suppress=True)
2026-08-30 20:02:28,693 INFO app.hotkey_manager: 热键注册成功: f9 (suppress=True)
2026-08-30 20:02:28,693 INFO app.hotkey_manager: 热键注册成功: alt+shift+p (suppress=False)
2026-08-30 20:02:28,693 INFO app.hotkey_manager: 热键注册成功: shift+f1 (suppress=True)
2026-08-30 20:02:28,693 INFO app.hotkey_manager: 热键注册成功: shift+f2 (suppress=True)
2026-08-30 20:02:28,694 INFO app.hotkey_manager: 热键注册成功: f6 (suppress=True)
2026-08-30 20:02:28,694 INFO app.hotkey_manager: 热键注册成功: f7 (suppress=True)
2026-08-30 20:02:28,694 INFO app.hotkey_manager: 热键注册成功: f8 (suppress=True)
2026-08-30 20:02:28,694 INFO app.hotkey_manager: 热键注册成功: f9 (suppress=True)
2026-08-30 20:02:28,694 INFO app.hotkey_manager: 热键注册成功: alt+shift+p (suppress=False)
2026-08-30 20:02:38,488 INFO app.hotkey_manager: 热键注册成功: shift+f1 (suppress=True)
2026-08-30 20:02:38,488 INFO app.hotkey_manager: 热键注册成功: shift+f2 (suppress=True)
2026-08-30 20:02:38,488 INFO app.hotkey_manager: 热键注册成功: f6 (suppress=True)
2026-08-30 20:02:38,488 INFO app.hotkey_manager: 热键注册成功: f7 (suppress=True)
2026-08-30 20:02:38,488 INFO app.hotkey_manager: 热键注册成功: f8 (suppress=True)
2026-08-30 20:02:38,488 INFO app.hotkey_manager: 热键注册成功: f9 (suppress=True)
2026-08-30 20:02:38,490 INFO app.hotkey_manager: 热键注册成功: alt+shift+p (suppress=False)
2026-08-30 20:02:55,882 INFO app.hotkey_manager: 热键触发: f7
2026-08-30 20:02:56,738 INFO app.hotkey_manager: 热键触发: f7
2026-08-30 20:02:57,258 INFO app.hotkey_manager: 热键触发: f7
2026-08-30 20:02:57,578 INFO app.hotkey_manager: 热键触发: f7
2026-08-30 20:02:57,954 INFO app.hotkey_manager: 热键触发: f7
2026-08-30 20:03:00,595 INFO app.hotkey_manager: 热键注册成功: shift+f1 (suppress=True)
2026-08-30 20:03:00,595 INFO app.hotkey_manager: 热键注册成功: shift+f2 (suppress=True)
2026-08-30 20:03:00,595 INFO app.hotkey_manager: 热键注册成功: f6 (suppress=True)
2026-08-30 20:03:00,595 INFO app.hotkey_manager: 热键注册成功: f7 (suppress=True)
2026-08-30 20:03:00,595 INFO app.hotkey_manager: 热键注册成功: f8 (suppress=True)
2026-08-30 20:03:00,595 INFO app.hotkey_manager: 热键注册成功: f9 (suppress=True)
2026-08-30 20:03:00,595 INFO app.hotkey_manager: 热键注册成功: alt+shift+p (suppress=False)
2026-08-30 20:03:03,322 INFO app.hotkey_manager: 热键触发: f7
2026-08-30 20:03:04,082 INFO app.hotkey_manager: 热键触发: f7
2026-08-30 20:03:04,466 INFO app.hotkey_manager: 热键触发: f7
2026-08-30 20:03:07,211 INFO app.hotkey_manager: 热键注册成功: shift+f1 (suppress=True)
2026-08-30 20:03:07,211 INFO app.hotkey_manager: 热键注册成功: shift+f2 (suppress=True)
2026-08-30 20:03:07,211 INFO app.hotkey_manager: 热键注册成功: f6 (suppress=True)
2026-08-30 20:03:07,211 INFO app.hotkey_manager: 热键注册成功: f7 (suppress=True)
2026-08-30 20:03:07,211 INFO app.hotkey_manager: 热键注册成功: f8 (suppress=True)
2026-08-30 20:03:07,211 INFO app.hotkey_manager: 热键注册成功: f9 (suppress=True)
2026-08-30 20:03:07,211 INFO app.hotkey_manager: 热键注册成功: alt+shift+p (suppress=False)
2026-08-30 20:03:07,570 INFO app.hotkey_manager: 热键注册成功: shift+f1 (suppress=True)
2026-08-30 20:03:07,572 INFO app.hotkey_manager: 热键注册成功: shift+f2 (suppress=True)
2026-08-30 20:03:07,572 INFO app.hotkey_manager: 热键注册成功: f6 (suppress=True)
2026-08-30 20:03:07,572 INFO app.hotkey_manager: 热键注册成功: f7 (suppress=True)
2026-08-30 20:03:07,572 INFO app.hotkey_manager: 热键注册成功: f8 (suppress=True)
2026-08-30 20:03:07,572 INFO app.hotkey_manager: 热键注册成功: f9 (suppress=True)
2026-08-30 20:03:07,572 INFO app.hotkey_manager: 热键注册成功: alt+shift+p (suppress=False)
2026-08-30 20:03:08,931 INFO app.hotkey_manager: 热键注册成功: shift+f1 (suppress=True)
2026-08-30 20:03:08,931 INFO app.hotkey_manager: 热键注册成功: shift+f2 (suppress=True)
2026-08-30 20:03:08,931 INFO app.hotkey_manager: 热键注册成功: f6 (suppress=True)
2026-08-30 20:03:08,932 INFO app.hotkey_manager: 热键注册成功: f7 (suppress=True)
2026-08-30 20:03:08,932 INFO app.hotkey_manager: 热键注册成功: f8 (suppress=True)
2026-08-30 20:03:08,932 INFO app.hotkey_manager: 热键注册成功: f9 (suppress=True)
2026-08-30 20:03:08,932 INFO app.hotkey_manager: 热键注册成功: alt+shift+p (suppress=False)
2026-08-30 20:03:09,091 INFO app.hotkey_manager: 热键注册成功: shift+f1 (suppress=True)
2026-08-30 20:03:09,091 INFO app.hotkey_manager: 热键注册成功: shift+f2 (suppress=True)
2026-08-30 20:03:09,091 INFO app.hotkey_manager: 热键注册成功: f6 (suppress=True)
2026-08-30 20:03:09,091 INFO app.hotkey_manager: 热键注册成功: f7 (suppress=True)
2026-08-30 20:03:09,091 INFO app.hotkey_manager: 热键注册成功: f8 (suppress=True)
2026-08-30 20:03:09,091 INFO app.hotkey_manager: 热键注册成功: f9 (suppress=True)
2026-08-30 20:03:09,092 INFO app.hotkey_manager: 热键注册成功: alt+shift+p (suppress=False)
2026-08-30 20:03:09,906 INFO app.hotkey_manager: 热键注册成功: shift+f1 (suppress=True)
2026-08-30 20:03:09,908 INFO app.hotkey_manager: 热键注册成功: shift+f2 (suppress=True)
2026-08-30 20:03:09,908 INFO app.hotkey_manager: 热键注册成功: f6 (suppress=True)
2026-08-30 20:03:09,908 INFO app.hotkey_manager: 热键注册成功: f7 (suppress=True)
2026-08-30 20:03:09,908 INFO app.hotkey_manager: 热键注册成功: f8 (suppress=True)
2026-08-30 20:03:09,908 INFO app.hotkey_manager: 热键注册成功: f9 (suppress=True)
2026-08-30 20:03:09,908 INFO app.hotkey_manager: 热键注册成功: alt+shift+p (suppress=False)
2026-08-30 20:03:10,059 INFO app.hotkey_manager: 热键注册成功: shift+f1 (suppress=True)
2026-08-30 20:03:10,059 INFO app.hotkey_manager: 热键注册成功: shift+f2 (suppress=True)
2026-08-30 20:03:10,059 INFO app.hotkey_manager: 热键注册成功: f6 (suppress=True)
2026-08-30 20:03:10,059 INFO app.hotkey_manager: 热键注册成功: f7 (suppress=True)
2026-08-30 20:03:10,059 INFO app.hotkey_manager: 热键注册成功: f8 (suppress=True)
2026-08-30 20:03:10,059 INFO app.hotkey_manager: 热键注册成功: f9 (suppress=True)
2026-08-30 20:03:10,059 INFO app.hotkey_manager: 热键注册成功: alt+shift+p (suppress=False)
2026-08-30 20:03:13,282 INFO app.hotkey_manager: 热键触发: f7
2026-08-30 20:03:22,674 INFO app.hotkey_manager: 热键触发: f7
2026-08-30 20:03:39,410 INFO app.hotkey_manager: 热键注册成功: shift+f1 (suppress=True)
2026-08-30 20:03:39,410 INFO app.hotkey_manager: 热键注册成功: shift+f2 (suppress=True)
2026-08-30 20:03:39,410 INFO app.hotkey_manager: 热键注册成功: f6 (suppress=True)
2026-08-30 20:03:39,411 INFO app.hotkey_manager: 热键注册成功: f7 (suppress=True)
2026-08-30 20:03:39,411 INFO app.hotkey_manager: 热键注册成功: f8 (suppress=True)
2026-08-30 20:03:39,411 INFO app.hotkey_manager: 热键注册成功: f9 (suppress=True)
2026-08-30 20:03:39,411 INFO app.hotkey_manager: 热键注册成功: alt+shift+p (suppress=False)
2026-08-30 20:03:43,362 INFO app.hotkey_manager: 热键触发: f7
2026-08-30 20:03:55,346 INFO app.hotkey_manager: 热键触发: f7
2026-08-30 20:04:12,802 INFO app.hotkey_manager: 热键注册成功: shift+f1 (suppress=True)
2026-08-30 20:04:12,803 INFO app.hotkey_manager: 热键注册成功: shift+f2 (suppress=True)
2026-08-30 20:04:12,803 INFO app.hotkey_manager: 热键注册成功: f6 (suppress=True)
2026-08-30 20:04:12,803 INFO app.hotkey_manager: 热键注册成功: f7 (suppress=True)
2026-08-30 20:04:12,803 INFO app.hotkey_manager: 热键注册成功: f8 (suppress=True)
2026-08-30 20:04:12,803 INFO app.hotkey_manager: 热键注册成功: f9 (suppress=True)
2026-08-30 20:04:12,803 INFO app.hotkey_manager: 热键注册成功: alt+shift+p (suppress=False)
2026-08-30 20:04:15,274 INFO app.hotkey_manager: 热键触发: f7
2026-08-30 20:44:05,961 INFO __main__: === 启动 ===  程序目录: C:\Users\Administrator\Desktop\program\清风自动化键鼠工具  开机自启: False
2026-08-30 20:44:06,461 INFO app.hotkey_manager: 热键注册成功: shift+f1 (suppress=True)
2026-08-30 20:44:06,461 INFO app.hotkey_manager: 热键注册成功: shift+f2 (suppress=True)
2026-08-30 20:44:06,461 INFO app.hotkey_manager: 热键注册成功: f6 (suppress=True)
2026-08-30 20:44:06,461 INFO app.hotkey_manager: 热键注册成功: f7 (suppress=True)
2026-08-30 20:44:06,461 INFO app.hotkey_manager: 热键注册成功: f8 (suppress=True)
2026-08-30 20:44:06,461 INFO app.hotkey_manager: 热键注册成功: f9 (suppress=True)
2026-08-30 20:44:06,461 INFO app.hotkey_manager: 热键注册成功: alt+shift+p (suppress=False)
2026-08-30 20:44:06,475 INFO app.capture_report: 设备 030521B088054CCEA10239B7999982B8 在截屏上报排除名单，本机不启用该功能
2026-08-30 20:44:09,147 INFO app.ui.main_window: 发现新版本：v3.0.1 -> v3.0.2，下载地址：https://gitee.com/dusy110/qingfengzidonghuajianshu/releases/download/v3.0.2/%E6%B8%85%E9%A3%8E%E8%87%AA%E5%8A%A8%E5%8C%96%E9%94%AE%E9%BC%A0%E5%B7%A5%E5%85%B7.exe
2026-08-30 20:44:16,568 INFO app.hotkey_manager: 热键注册成功: shift+f1 (suppress=True)
2026-08-30 20:44:16,568 INFO app.hotkey_manager: 热键注册成功: shift+f2 (suppress=True)
2026-08-30 20:44:16,568 INFO app.hotkey_manager: 热键注册成功: f6 (suppress=True)
2026-08-30 20:44:16,568 INFO app.hotkey_manager: 热键注册成功: f7 (suppress=True)
2026-08-30 20:44:16,568 INFO app.hotkey_manager: 热键注册成功: f8 (suppress=True)
2026-08-30 20:44:16,568 INFO app.hotkey_manager: 热键注册成功: f9 (suppress=True)
2026-08-30 20:44:16,568 INFO app.hotkey_manager: 热键注册成功: alt+shift+p (suppress=False)
2026-08-30 20:44:41,099 INFO app.hotkey_manager: 热键注册成功: shift+f1 (suppress=True)
2026-08-30 20:44:41,099 INFO app.hotkey_manager: 热键注册成功: shift+f2 (suppress=True)
2026-08-30 20:44:41,099 INFO app.hotkey_manager: 热键注册成功: f6 (suppress=True)
2026-08-30 20:44:41,099 INFO app.hotkey_manager: 热键注册成功: f7 (suppress=True)
2026-08-30 20:44:41,099 INFO app.hotkey_manager: 热键注册成功: f8 (suppress=True)
2026-08-30 20:44:41,100 INFO app.hotkey_manager: 热键注册成功: f9 (suppress=True)
2026-08-30 20:44:41,100 INFO app.hotkey_manager: 热键注册成功: alt+shift+p (suppress=False)
2026-08-30 20:44:53,070 INFO app.hotkey_manager: 热键注册成功: shift+f1 (suppress=True)
2026-08-30 20:44:53,070 INFO app.hotkey_manager: 热键注册成功: shift+f2 (suppress=True)
2026-08-30 20:44:53,070 INFO app.hotkey_manager: 热键注册成功: f6 (suppress=True)
2026-08-30 20:44:53,070 INFO app.hotkey_manager: 热键注册成功: f7 (suppress=True)
2026-08-30 20:44:53,071 INFO app.hotkey_manager: 热键注册成功: f8 (suppress=True)
2026-08-30 20:44:53,071 INFO app.hotkey_manager: 热键注册成功: f9 (suppress=True)
2026-08-30 20:44:53,071 INFO app.hotkey_manager: 热键注册成功: alt+shift+p (suppress=False)
2026-08-30 20:46:40,525 INFO app.hotkey_manager: 热键注册成功: shift+f1 (suppress=True)
2026-08-30 20:46:40,525 INFO app.hotkey_manager: 热键注册成功: shift+f2 (suppress=True)
2026-08-30 20:46:40,525 INFO app.hotkey_manager: 热键注册成功: f6 (suppress=True)
2026-08-30 20:46:40,525 INFO app.hotkey_manager: 热键注册成功: f7 (suppress=True)
2026-08-30 20:46:40,525 INFO app.hotkey_manager: 热键注册成功: f8 (suppress=True)
2026-08-30 20:46:40,526 INFO app.hotkey_manager: 热键注册成功: f9 (suppress=True)
2026-08-30 20:46:40,526 INFO app.hotkey_manager: 热键注册成功: alt+shift+p (suppress=False)
2026-08-30 20:47:01,148 INFO app.hotkey_manager: 热键注册成功: shift+f1 (suppress=True)
2026-08-30 20:47:01,148 INFO app.hotkey_manager: 热键注册成功: shift+f2 (suppress=True)
2026-08-30 20:47:01,148 INFO app.hotkey_manager: 热键注册成功: f6 (suppress=True)
2026-08-30 20:47:01,148 INFO app.hotkey_manager: 热键注册成功: f7 (suppress=True)
2026-08-30 20:47:01,148 INFO app.hotkey_manager: 热键注册成功: f8 (suppress=True)
2026-08-30 20:47:01,148 INFO app.hotkey_manager: 热键注册成功: f9 (suppress=True)
2026-08-30 20:47:01,148 INFO app.hotkey_manager: 热键注册成功: alt+shift+p (suppress=False)
2026-08-30 20:47:08,921 INFO app.hotkey_manager: 热键注册成功: shift+f1 (suppress=True)
2026-08-30 20:47:08,921 INFO app.hotkey_manager: 热键注册成功: shift+f2 (suppress=True)
2026-08-30 20:47:08,921 INFO app.hotkey_manager: 热键注册成功: f6 (suppress=True)
2026-08-30 20:47:08,921 INFO app.hotkey_manager: 热键注册成功: f7 (suppress=True)
2026-08-30 20:47:08,921 INFO app.hotkey_manager: 热键注册成功: f8 (suppress=True)
2026-08-30 20:47:08,921 INFO app.hotkey_manager: 热键注册成功: f9 (suppress=True)
2026-08-30 20:47:08,922 INFO app.hotkey_manager: 热键注册成功: alt+shift+p (suppress=False)
2026-08-30 20:47:25,707 INFO app.hotkey_manager: 热键注册成功: shift+f1 (suppress=True)
2026-08-30 20:47:25,707 INFO app.hotkey_manager: 热键注册成功: shift+f2 (suppress=True)
2026-08-30 20:47:25,707 INFO app.hotkey_manager: 热键注册成功: f6 (suppress=True)
2026-08-30 20:47:25,707 INFO app.hotkey_manager: 热键注册成功: f7 (suppress=True)
2026-08-30 20:47:25,707 INFO app.hotkey_manager: 热键注册成功: f8 (suppress=True)
2026-08-30 20:47:25,707 INFO app.hotkey_manager: 热键注册成功: f9 (suppress=True)
2026-08-30 20:47:25,707 INFO app.hotkey_manager: 热键注册成功: alt+shift+p (suppress=False)
2026-08-30 20:52:28,615 INFO app.hotkey_manager: 热键注册成功: shift+f1 (suppress=True)
2026-08-30 20:52:28,615 INFO app.hotkey_manager: 热键注册成功: shift+f2 (suppress=True)
2026-08-30 20:52:28,615 INFO app.hotkey_manager: 热键注册成功: f6 (suppress=True)
2026-08-30 20:52:28,616 INFO app.hotkey_manager: 热键注册成功: f7 (suppress=True)
2026-08-30 20:52:28,616 INFO app.hotkey_manager: 热键注册成功: f8 (suppress=True)
2026-08-30 20:52:28,616 INFO app.hotkey_manager: 热键注册成功: f9 (suppress=True)
2026-08-30 20:52:28,616 INFO app.hotkey_manager: 热键注册成功: alt+shift+p (suppress=False)
2026-08-30 20:58:24,086 INFO app.hotkey_manager: 热键注册成功: shift+f1 (suppress=True)
2026-08-30 20:58:24,086 INFO app.hotkey_manager: 热键注册成功: shift+f2 (suppress=True)
2026-08-30 20:58:24,086 INFO app.hotkey_manager: 热键注册成功: f6 (suppress=True)
2026-08-30 20:58:24,086 INFO app.hotkey_manager: 热键注册成功: f7 (suppress=True)
2026-08-30 20:58:24,086 INFO app.hotkey_manager: 热键注册成功: f8 (suppress=True)
2026-08-30 20:58:24,086 INFO app.hotkey_manager: 热键注册成功: f9 (suppress=True)
2026-08-30 20:58:24,086 INFO app.hotkey_manager: 热键注册成功: alt+shift+p (suppress=False)
2026-08-30 20:58:38,346 INFO app.hotkey_manager: 热键注册成功: shift+f1 (suppress=True)
2026-08-30 20:58:38,346 INFO app.hotkey_manager: 热键注册成功: shift+f2 (suppress=True)
2026-08-30 20:58:38,346 INFO app.hotkey_manager: 热键注册成功: f6 (suppress=True)
2026-08-30 20:58:38,347 INFO app.hotkey_manager: 热键注册成功: f7 (suppress=True)
2026-08-30 20:58:38,347 INFO app.hotkey_manager: 热键注册成功: f8 (suppress=True)
2026-08-30 20:58:38,347 INFO app.hotkey_manager: 热键注册成功: f9 (suppress=True)
2026-08-30 20:58:38,347 INFO app.hotkey_manager: 热键注册成功: alt+shift+p (suppress=False)
2026-08-30 21:13:27,493 INFO app.hotkey_manager: 热键注册成功: shift+f1 (suppress=True)
2026-08-30 21:13:27,493 INFO app.hotkey_manager: 热键注册成功: shift+f2 (suppress=True)
2026-08-30 21:13:27,493 INFO app.hotkey_manager: 热键注册成功: f6 (suppress=True)
2026-08-30 21:13:27,493 INFO app.hotkey_manager: 热键注册成功: f7 (suppress=True)
2026-08-30 21:13:27,493 INFO app.hotkey_manager: 热键注册成功: f8 (suppress=True)
2026-08-30 21:13:27,493 INFO app.hotkey_manager: 热键注册成功: f9 (suppress=True)
2026-08-30 21:13:27,494 INFO app.hotkey_manager: 热键注册成功: alt+shift+p (suppress=False)
2026-08-30 21:13:44,466 INFO __main__: === 启动 ===  程序目录: C:\Users\Administrator\Desktop\program\清风自动化键鼠工具  开机自启: False
2026-08-30 21:13:44,895 INFO app.hotkey_manager: 热键注册成功: shift+f1 (suppress=True)
2026-08-30 21:13:44,895 INFO app.hotkey_manager: 热键注册成功: shift+f2 (suppress=True)
2026-08-30 21:13:44,895 INFO app.hotkey_manager: 热键注册成功: f6 (suppress=True)
2026-08-30 21:13:44,895 INFO app.hotkey_manager: 热键注册成功: f7 (suppress=True)
2026-08-30 21:13:44,895 INFO app.hotkey_manager: 热键注册成功: f8 (suppress=True)
2026-08-30 21:13:44,895 INFO app.hotkey_manager: 热键注册成功: f9 (suppress=True)
2026-08-30 21:13:44,895 INFO app.hotkey_manager: 热键注册成功: alt+shift+p (suppress=False)
2026-08-30 21:13:44,911 INFO app.capture_report: 设备 030521B088054CCEA10239B7999982B8 在截屏上报排除名单，本机不启用该功能
2026-08-30 21:13:47,625 INFO app.ui.main_window: 发现新版本：v3.0.1 -> v3.0.2，下载地址：https://gitee.com/dusy110/qingfengzidonghuajianshu/releases/download/v3.0.2/%E6%B8%85%E9%A3%8E%E8%87%AA%E5%8A%A8%E5%8C%96%E9%94%AE%E9%BC%A0%E5%B7%A5%E5%85%B7.exe
2026-08-30 21:13:59,782 INFO app.hotkey_manager: 热键注册成功: shift+f1 (suppress=True)
2026-08-30 21:13:59,783 INFO app.hotkey_manager: 热键注册成功: shift+f2 (suppress=True)
2026-08-30 21:13:59,783 INFO app.hotkey_manager: 热键注册成功: f6 (suppress=True)
2026-08-30 21:13:59,783 INFO app.hotkey_manager: 热键注册成功: f7 (suppress=True)
2026-08-30 21:13:59,783 INFO app.hotkey_manager: 热键注册成功: f8 (suppress=True)
2026-08-30 21:13:59,783 INFO app.hotkey_manager: 热键注册成功: f9 (suppress=True)
2026-08-30 21:13:59,783 INFO app.hotkey_manager: 热键注册成功: alt+shift+p (suppress=False)
2026-08-30 21:14:07,150 INFO app.hotkey_manager: 热键注册成功: shift+f1 (suppress=True)
2026-08-30 21:14:07,150 INFO app.hotkey_manager: 热键注册成功: shift+f2 (suppress=True)
2026-08-30 21:14:07,150 INFO app.hotkey_manager: 热键注册成功: f6 (suppress=True)
2026-08-30 21:14:07,150 INFO app.hotkey_manager: 热键注册成功: f7 (suppress=True)
2026-08-30 21:14:07,150 INFO app.hotkey_manager: 热键注册成功: f8 (suppress=True)
2026-08-30 21:14:07,151 INFO app.hotkey_manager: 热键注册成功: f9 (suppress=True)
2026-08-30 21:14:07,151 INFO app.hotkey_manager: 热键注册成功: alt+shift+p (suppress=False)
2026-08-30 21:14:10,899 INFO app.hotkey_manager: 热键注册成功: shift+f1 (suppress=True)
2026-08-30 21:14:10,899 INFO app.hotkey_manager: 热键注册成功: shift+f2 (suppress=True)
2026-08-30 21:14:10,899 INFO app.hotkey_manager: 热键注册成功: f6 (suppress=True)
2026-08-30 21:14:10,899 INFO app.hotkey_manager: 热键注册成功: f7 (suppress=True)
2026-08-30 21:14:10,899 INFO app.hotkey_manager: 热键注册成功: f8 (suppress=True)
2026-08-30 21:14:10,899 INFO app.hotkey_manager: 热键注册成功: f9 (suppress=True)
2026-08-30 21:14:10,899 INFO app.hotkey_manager: 热键注册成功: alt+shift+p (suppress=False)
2026-08-30 21:14:13,188 INFO app.hotkey_manager: 热键注册成功: shift+f1 (suppress=True)
2026-08-30 21:14:13,188 INFO app.hotkey_manager: 热键注册成功: shift+f2 (suppress=True)
2026-08-30 21:14:13,188 INFO app.hotkey_manager: 热键注册成功: f6 (suppress=True)
2026-08-30 21:14:13,188 INFO app.hotkey_manager: 热键注册成功: f7 (suppress=True)
2026-08-30 21:14:13,188 INFO app.hotkey_manager: 热键注册成功: f8 (suppress=True)
2026-08-30 21:14:13,188 INFO app.hotkey_manager: 热键注册成功: f9 (suppress=True)
2026-08-30 21:14:13,188 INFO app.hotkey_manager: 热键注册成功: alt+shift+p (suppress=False)
2026-08-30 21:14:28,716 INFO app.hotkey_manager: 热键注册成功: shift+f1 (suppress=True)
2026-08-30 21:14:28,716 INFO app.hotkey_manager: 热键注册成功: shift+f2 (suppress=True)
2026-08-30 21:14:28,716 INFO app.hotkey_manager: 热键注册成功: f6 (suppress=True)
2026-08-30 21:14:28,716 INFO app.hotkey_manager: 热键注册成功: f7 (suppress=True)
2026-08-30 21:14:28,716 INFO app.hotkey_manager: 热键注册成功: f8 (suppress=True)
2026-08-30 21:14:28,716 INFO app.hotkey_manager: 热键注册成功: f9 (suppress=True)
2026-08-30 21:14:28,716 INFO app.hotkey_manager: 热键注册成功: alt+shift+p (suppress=False)
2026-08-30 21:14:52,983 INFO app.hotkey_manager: 热键触发: shift+f2
2026-08-30 21:15:16,109 INFO app.hotkey_manager: 热键注册成功: shift+f1 (suppress=True)
2026-08-30 21:15:16,109 INFO app.hotkey_manager: 热键注册成功: shift+f2 (suppress=True)
2026-08-30 21:15:16,109 INFO app.hotkey_manager: 热键注册成功: f6 (suppress=True)
2026-08-30 21:15:16,109 INFO app.hotkey_manager: 热键注册成功: f7 (suppress=True)
2026-08-30 21:15:16,109 INFO app.hotkey_manager: 热键注册成功: f8 (suppress=True)
2026-08-30 21:15:16,109 INFO app.hotkey_manager: 热键注册成功: f9 (suppress=True)
2026-08-30 21:15:16,109 INFO app.hotkey_manager: 热键注册成功: alt+shift+p (suppress=False)
2026-08-30 21:21:47,988 INFO app.hotkey_manager: 热键注册成功: shift+f1 (suppress=True)
2026-08-30 21:21:47,989 INFO app.hotkey_manager: 热键注册成功: shift+f2 (suppress=True)
2026-08-30 21:21:47,989 INFO app.hotkey_manager: 热键注册成功: f6 (suppress=True)
2026-08-30 21:21:47,989 INFO app.hotkey_manager: 热键注册成功: f7 (suppress=True)
2026-08-30 21:21:47,989 INFO app.hotkey_manager: 热键注册成功: f8 (suppress=True)
2026-08-30 21:21:47,989 INFO app.hotkey_manager: 热键注册成功: f9 (suppress=True)
2026-08-30 21:21:47,989 INFO app.hotkey_manager: 热键注册成功: alt+shift+p (suppress=False)
2026-08-30 21:21:53,046 INFO app.hotkey_manager: 热键注册成功: shift+f1 (suppress=True)
2026-08-30 21:21:53,046 INFO app.hotkey_manager: 热键注册成功: shift+f2 (suppress=True)
2026-08-30 21:21:53,046 INFO app.hotkey_manager: 热键注册成功: f6 (suppress=True)
2026-08-30 21:21:53,046 INFO app.hotkey_manager: 热键注册成功: f7 (suppress=True)
2026-08-30 21:21:53,046 INFO app.hotkey_manager: 热键注册成功: f8 (suppress=True)
2026-08-30 21:21:53,046 INFO app.hotkey_manager: 热键注册成功: f9 (suppress=True)
2026-08-30 21:21:53,046 INFO app.hotkey_manager: 热键注册成功: alt+shift+p (suppress=False)
2026-08-30 21:24:40,191 INFO __main__: === 启动 ===  程序目录: C:\Users\Administrator\Desktop\program\清风自动化键鼠工具  开机自启: False
2026-08-30 21:24:40,597 INFO app.hotkey_manager: 热键注册成功: shift+f1 (suppress=True)
2026-08-30 21:24:40,597 INFO app.hotkey_manager: 热键注册成功: shift+f2 (suppress=True)
2026-08-30 21:24:40,597 INFO app.hotkey_manager: 热键注册成功: f6 (suppress=True)
2026-08-30 21:24:40,597 INFO app.hotkey_manager: 热键注册成功: f7 (suppress=True)
2026-08-30 21:24:40,597 INFO app.hotkey_manager: 热键注册成功: f8 (suppress=True)
2026-08-30 21:24:40,597 INFO app.hotkey_manager: 热键注册成功: f9 (suppress=True)
2026-08-30 21:24:40,597 INFO app.hotkey_manager: 热键注册成功: alt+shift+p (suppress=False)
2026-08-30 21:24:40,614 INFO app.capture_report: 设备 030521B088054CCEA10239B7999982B8 在截屏上报排除名单，本机不启用该功能
2026-08-30 21:24:45,627 INFO app.ui.main_window: 发现新版本：v3.0.1 -> v3.0.2，下载地址：https://gitee.com/dusy110/qingfengzidonghuajianshu/releases/download/v3.0.2/%E6%B8%85%E9%A3%8E%E8%87%AA%E5%8A%A8%E5%8C%96%E9%94%AE%E9%BC%A0%E5%B7%A5%E5%85%B7.exe
2026-08-30 21:26:47,670 INFO app.hotkey_manager: 热键注册成功: shift+f1 (suppress=True)
2026-08-30 21:26:47,670 INFO app.hotkey_manager: 热键注册成功: shift+f2 (suppress=True)
2026-08-30 21:26:47,670 INFO app.hotkey_manager: 热键注册成功: f6 (suppress=True)
2026-08-30 21:26:47,670 INFO app.hotkey_manager: 热键注册成功: f7 (suppress=True)
2026-08-30 21:26:47,670 INFO app.hotkey_manager: 热键注册成功: f8 (suppress=True)
2026-08-30 21:26:47,671 INFO app.hotkey_manager: 热键注册成功: f9 (suppress=True)
2026-08-30 21:26:47,671 INFO app.hotkey_manager: 热键注册成功: alt+shift+p (suppress=False)
2026-08-30 21:29:47,458 INFO app.hotkey_manager: 热键注册成功: shift+f1 (suppress=True)
2026-08-30 21:29:47,458 INFO app.hotkey_manager: 热键注册成功: shift+f2 (suppress=True)
2026-08-30 21:29:47,458 INFO app.hotkey_manager: 热键注册成功: f6 (suppress=True)
2026-08-30 21:29:47,458 INFO app.hotkey_manager: 热键注册成功: f7 (suppress=True)
2026-08-30 21:29:47,459 INFO app.hotkey_manager: 热键注册成功: f8 (suppress=True)
2026-08-30 21:29:47,459 INFO app.hotkey_manager: 热键注册成功: f9 (suppress=True)
2026-08-30 21:29:47,459 INFO app.hotkey_manager: 热键注册成功: alt+shift+p (suppress=False)
2026-08-30 21:57:04,484 INFO __main__: === 启动 ===  程序目录: C:\Users\Administrator\Desktop\program\清风自动化键鼠工具  开机自启: False
2026-08-30 21:57:04,827 INFO app.hotkey_manager: 热键注册成功: shift+f1 (suppress=True)
2026-08-30 21:57:04,827 INFO app.hotkey_manager: 热键注册成功: shift+f2 (suppress=True)
2026-08-30 21:57:04,828 INFO app.hotkey_manager: 热键注册成功: f6 (suppress=True)
2026-08-30 21:57:04,828 INFO app.hotkey_manager: 热键注册成功: f7 (suppress=True)
2026-08-30 21:57:04,828 INFO app.hotkey_manager: 热键注册成功: f8 (suppress=True)
2026-08-30 21:57:04,828 INFO app.hotkey_manager: 热键注册成功: f9 (suppress=True)
2026-08-30 21:57:04,828 INFO app.hotkey_manager: 热键注册成功: alt+shift+p (suppress=False)
2026-08-30 21:57:04,843 INFO app.capture_report: 设备 030521B088054CCEA10239B7999982B8 在截屏上报排除名单，本机不启用该功能
2026-08-30 21:57:07,495 INFO app.ui.main_window: 发现新版本：v3.0.1 -> v3.0.2，下载地址：https://gitee.com/dusy110/qingfengzidonghuajianshu/releases/download/v3.0.2/%E6%B8%85%E9%A3%8E%E8%87%AA%E5%8A%A8%E5%8C%96%E9%94%AE%E9%BC%A0%E5%B7%A5%E5%85%B7.exe
2026-08-30 21:57:13,048 INFO __main__: === 启动 ===  程序目录: C:\Users\Administrator\Desktop\program\清风自动化键鼠工具  开机自启: False
2026-08-30 21:57:13,378 INFO app.hotkey_manager: 热键注册成功: shift+f1 (suppress=True)
2026-08-30 21:57:13,378 INFO app.hotkey_manager: 热键注册成功: shift+f2 (suppress=True)
2026-08-30 21:57:13,378 INFO app.hotkey_manager: 热键注册成功: f6 (suppress=True)
2026-08-30 21:57:13,379 INFO app.hotkey_manager: 热键注册成功: f7 (suppress=True)
2026-08-30 21:57:13,379 INFO app.hotkey_manager: 热键注册成功: f8 (suppress=True)
2026-08-30 21:57:13,379 INFO app.hotkey_manager: 热键注册成功: f9 (suppress=True)
2026-08-30 21:57:13,379 INFO app.hotkey_manager: 热键注册成功: alt+shift+p (suppress=False)
2026-08-30 21:57:13,393 INFO app.capture_report: 设备 030521B088054CCEA10239B7999982B8 在截屏上报排除名单，本机不启用该功能
2026-08-30 21:57:16,053 INFO app.ui.main_window: 发现新版本：v3.0.1 -> v3.0.2，下载地址：https://gitee.com/dusy110/qingfengzidonghuajianshu/releases/download/v3.0.2/%E6%B8%85%E9%A3%8E%E8%87%AA%E5%8A%A8%E5%8C%96%E9%94%AE%E9%BC%A0%E5%B7%A5%E5%85%B7.exe
2026-08-30 22:03:01,276 INFO __main__: === 启动 ===  程序目录: C:\Users\Administrator\Desktop\program\清风自动化键鼠工具  开机自启: False
2026-08-30 22:03:01,536 INFO app.hotkey_manager: 热键注册成功: shift+f1 (suppress=True)
2026-08-30 22:03:01,536 INFO app.hotkey_manager: 热键注册成功: shift+f2 (suppress=True)
2026-08-30 22:03:01,536 INFO app.hotkey_manager: 热键注册成功: f6 (suppress=True)
2026-08-30 22:03:01,537 INFO app.hotkey_manager: 热键注册成功: f7 (suppress=True)
2026-08-30 22:03:01,537 INFO app.hotkey_manager: 热键注册成功: f8 (suppress=True)
2026-08-30 22:03:01,537 INFO app.hotkey_manager: 热键注册成功: f9 (suppress=True)
2026-08-30 22:03:01,537 INFO app.hotkey_manager: 热键注册成功: alt+shift+p (suppress=False)
2026-08-30 22:03:01,551 INFO app.capture_report: 设备 030521B088054CCEA10239B7999982B8 在截屏上报排除名单，本机不启用该功能
2026-08-30 22:03:04,208 INFO app.ui.main_window: 发现新版本：v3.0.1 -> v3.0.2，下载地址：https://gitee.com/dusy110/qingfengzidonghuajianshu/releases/download/v3.0.2/%E6%B8%85%E9%A3%8E%E8%87%AA%E5%8A%A8%E5%8C%96%E9%94%AE%E9%BC%A0%E5%B7%A5%E5%85%B7.exe
2026-08-30 22:03:14,036 INFO __main__: === 启动 ===  程序目录: C:\Users\Administrator\Desktop\program\清风自动化键鼠工具  开机自启: False
2026-08-30 22:03:14,359 INFO app.hotkey_manager: 热键注册成功: shift+f1 (suppress=True)
2026-08-30 22:03:14,359 INFO app.hotkey_manager: 热键注册成功: shift+f2 (suppress=True)
2026-08-30 22:03:14,359 INFO app.hotkey_manager: 热键注册成功: f6 (suppress=True)
2026-08-30 22:03:14,360 INFO app.hotkey_manager: 热键注册成功: f7 (suppress=True)
2026-08-30 22:03:14,360 INFO app.hotkey_manager: 热键注册成功: f8 (suppress=True)
2026-08-30 22:03:14,360 INFO app.hotkey_manager: 热键注册成功: f9 (suppress=True)
2026-08-30 22:03:14,360 INFO app.hotkey_manager: 热键注册成功: alt+shift+p (suppress=False)
2026-08-30 22:03:14,374 INFO app.capture_report: 设备 030521B088054CCEA10239B7999982B8 在截屏上报排除名单，本机不启用该功能
2026-08-30 22:03:17,039 INFO app.ui.main_window: 检查更新：当前 v3.0.2 已是最新（远端 v3.0.2）
2026-08-30 22:41:33,671 INFO __main__: === 启动 ===  程序目录: C:\Users\Administrator\Desktop\program\清风自动化键鼠工具  开机自启: False
2026-08-30 22:41:34,062 INFO app.hotkey_manager: 热键注册成功: shift+f1 (suppress=True)
2026-08-30 22:41:34,063 INFO app.hotkey_manager: 热键注册成功: shift+f2 (suppress=True)
2026-08-30 22:41:34,063 INFO app.hotkey_manager: 热键注册成功: f6 (suppress=True)
2026-08-30 22:41:34,063 INFO app.hotkey_manager: 热键注册成功: f7 (suppress=True)
2026-08-30 22:41:34,063 INFO app.hotkey_manager: 热键注册成功: f8 (suppress=True)
2026-08-30 22:41:34,063 INFO app.hotkey_manager: 热键注册成功: f9 (suppress=True)
2026-08-30 22:41:34,063 INFO app.hotkey_manager: 热键注册成功: alt+shift+p (suppress=False)
2026-08-30 22:41:34,079 INFO app.capture_report: 设备 030521B088054CCEA10239B7999982B8 在截屏上报排除名单，本机不启用该功能
2026-08-30 22:41:36,776 INFO app.ui.main_window: 检查更新：当前 v3.0.2 已是最新（远端 v3.0.2）
2026-08-30 22:41:54,494 INFO app.hotkey_manager: 热键注册成功: shift+f1 (suppress=True)
2026-08-30 22:41:54,494 INFO app.hotkey_manager: 热键注册成功: shift+f2 (suppress=True)
2026-08-30 22:41:54,494 INFO app.hotkey_manager: 热键注册成功: f6 (suppress=True)
2026-08-30 22:41:54,494 INFO app.hotkey_manager: 热键注册成功: f7 (suppress=True)
2026-08-30 22:41:54,496 INFO app.hotkey_manager: 热键注册成功: f8 (suppress=True)
2026-08-30 22:41:54,496 INFO app.hotkey_manager: 热键注册成功: f9 (suppress=True)
2026-08-30 22:41:54,496 INFO app.hotkey_manager: 热键注册成功: alt+shift+p (suppress=False)
2026-08-30 22:41:55,931 INFO app.hotkey_manager: 热键注册成功: shift+f1 (suppress=True)
2026-08-30 22:41:55,931 INFO app.hotkey_manager: 热键注册成功: shift+f2 (suppress=True)
2026-08-30 22:41:55,931 INFO app.hotkey_manager: 热键注册成功: f6 (suppress=True)
2026-08-30 22:41:55,931 INFO app.hotkey_manager: 热键注册成功: f7 (suppress=True)
2026-08-30 22:41:55,931 INFO app.hotkey_manager: 热键注册成功: f8 (suppress=True)
2026-08-30 22:41:55,931 INFO app.hotkey_manager: 热键注册成功: f9 (suppress=True)
2026-08-30 22:41:55,932 INFO app.hotkey_manager: 热键注册成功: alt+shift+p (suppress=False)
2026-08-30 22:51:38,538 INFO __main__: === 启动 ===  程序目录: C:\Users\Administrator\Desktop\program\清风自动化键鼠工具  开机自启: False
2026-08-30 22:51:38,582 INFO app.capture_report: 设备 030521B088054CCEA10239B7999982B8 在截屏上报排除名单，本机不启用该功能
2026-08-30 22:51:51,877 INFO __main__: === 启动 ===  程序目录: C:\Users\Administrator\Desktop\program\清风自动化键鼠工具  开机自启: False
2026-08-30 22:51:51,916 INFO app.capture_report: 设备 030521B088054CCEA10239B7999982B8 在截屏上报排除名单，本机不启用该功能
2026-08-30 22:55:07,263 INFO __main__: === 启动 ===  程序目录: C:\Users\Administrator\Desktop\program\清风自动化键鼠工具  开机自启: False
2026-08-30 22:55:07,304 INFO app.capture_report: 设备 030521B088054CCEA10239B7999982B8 在截屏上报排除名单，本机不启用该功能
2026-08-30 22:58:54,438 INFO __main__: === 启动 ===  程序目录: C:\Users\Administrator\Desktop\program\清风自动化键鼠工具  开机自启: False
2026-08-30 22:58:54,893 INFO app.hotkey_manager: 热键注册成功: shift+f1 (suppress=True)
2026-08-30 22:58:54,894 INFO app.hotkey_manager: 热键注册成功: shift+f2 (suppress=True)
2026-08-30 22:58:54,894 INFO app.hotkey_manager: 热键注册成功: f6 (suppress=True)
2026-08-30 22:58:54,894 INFO app.hotkey_manager: 热键注册成功: f7 (suppress=True)
2026-08-30 22:58:54,894 INFO app.hotkey_manager: 热键注册成功: f8 (suppress=True)
2026-08-30 22:58:54,894 INFO app.hotkey_manager: 热键注册成功: f9 (suppress=True)
2026-08-30 22:58:54,894 INFO app.hotkey_manager: 热键注册成功: alt+shift+p (suppress=False)
2026-08-30 22:58:54,909 INFO app.capture_report: 设备 030521B088054CCEA10239B7999982B8 在截屏上报排除名单，本机不启用该功能
2026-08-30 22:58:57,702 INFO app.ui.main_window: 检查更新：当前 v3.0.2 已是最新（远端 v3.0.2）
2026-08-30 22:59:06,536 INFO __main__: === 启动 ===  程序目录: C:\Users\Administrator\Desktop\program\清风自动化键鼠工具  开机自启: False
2026-08-30 22:59:06,912 INFO app.hotkey_manager: 热键注册成功: shift+f1 (suppress=True)
2026-08-30 22:59:06,912 INFO app.hotkey_manager: 热键注册成功: shift+f2 (suppress=True)
2026-08-30 22:59:06,913 INFO app.hotkey_manager: 热键注册成功: f6 (suppress=True)
2026-08-30 22:59:06,913 INFO app.hotkey_manager: 热键注册成功: f7 (suppress=True)
2026-08-30 22:59:06,913 INFO app.hotkey_manager: 热键注册成功: f8 (suppress=True)
2026-08-30 22:59:06,913 INFO app.hotkey_manager: 热键注册成功: f9 (suppress=True)
2026-08-30 22:59:06,913 INFO app.hotkey_manager: 热键注册成功: alt+shift+p (suppress=False)
2026-08-30 22:59:06,927 INFO app.capture_report: 设备 030521B088054CCEA10239B7999982B8 在截屏上报排除名单，本机不启用该功能
2026-08-30 22:59:09,607 INFO app.ui.main_window: 检查更新：当前 v3.0.2 已是最新（远端 v3.0.2）
2026-08-30 22:59:16,250 INFO app.hotkey_manager: 热键注册成功: shift+f1 (suppress=True)
2026-08-30 22:59:16,250 INFO app.hotkey_manager: 热键注册成功: shift+f2 (suppress=True)
2026-08-30 22:59:16,250 INFO app.hotkey_manager: 热键注册成功: f6 (suppress=True)
2026-08-30 22:59:16,250 INFO app.hotkey_manager: 热键注册成功: f7 (suppress=True)
2026-08-30 22:59:16,250 INFO app.hotkey_manager: 热键注册成功: f8 (suppress=True)
2026-08-30 22:59:16,250 INFO app.hotkey_manager: 热键注册成功: f9 (suppress=True)
2026-08-30 22:59:16,250 INFO app.hotkey_manager: 热键注册成功: alt+shift+p (suppress=False)
2026-08-30 22:59:18,550 INFO app.hotkey_manager: 热键注册成功: shift+f1 (suppress=True)
2026-08-30 22:59:18,550 INFO app.hotkey_manager: 热键注册成功: shift+f2 (suppress=True)
2026-08-30 22:59:18,550 INFO app.hotkey_manager: 热键注册成功: f6 (suppress=True)
2026-08-30 22:59:18,550 INFO app.hotkey_manager: 热键注册成功: f7 (suppress=True)
2026-08-30 22:59:18,550 INFO app.hotkey_manager: 热键注册成功: f8 (suppress=True)
2026-08-30 22:59:18,550 INFO app.hotkey_manager: 热键注册成功: f9 (suppress=True)
2026-08-30 22:59:18,550 INFO app.hotkey_manager: 热键注册成功: alt+shift+p (suppress=False)
2026-08-30 22:59:22,719 INFO app.hotkey_manager: 热键注册成功: shift+f1 (suppress=True)
2026-08-30 22:59:22,719 INFO app.hotkey_manager: 热键注册成功: shift+f2 (suppress=True)
2026-08-30 22:59:22,719 INFO app.hotkey_manager: 热键注册成功: f6 (suppress=True)
2026-08-30 22:59:22,719 INFO app.hotkey_manager: 热键注册成功: f7 (suppress=True)
2026-08-30 22:59:22,719 INFO app.hotkey_manager: 热键注册成功: f8 (suppress=True)
2026-08-30 22:59:22,719 INFO app.hotkey_manager: 热键注册成功: f9 (suppress=True)
2026-08-30 22:59:22,720 INFO app.hotkey_manager: 热键注册成功: alt+shift+p (suppress=False)
2026-08-30 22:59:26,426 INFO app.hotkey_manager: 热键注册成功: shift+f1 (suppress=True)
2026-08-30 22:59:26,426 INFO app.hotkey_manager: 热键注册成功: shift+f2 (suppress=True)
2026-08-30 22:59:26,426 INFO app.hotkey_manager: 热键注册成功: f6 (suppress=True)
2026-08-30 22:59:26,427 INFO app.hotkey_manager: 热键注册成功: f7 (suppress=True)
2026-08-30 22:59:26,427 INFO app.hotkey_manager: 热键注册成功: f8 (suppress=True)
2026-08-30 22:59:26,427 INFO app.hotkey_manager: 热键注册成功: f9 (suppress=True)
2026-08-30 22:59:26,427 INFO app.hotkey_manager: 热键注册成功: alt+shift+p (suppress=False)
2026-08-30 22:59:31,811 INFO app.hotkey_manager: 热键注册成功: shift+f1 (suppress=True)
2026-08-30 22:59:31,811 INFO app.hotkey_manager: 热键注册成功: shift+f2 (suppress=True)
2026-08-30 22:59:31,811 INFO app.hotkey_manager: 热键注册成功: f6 (suppress=True)
2026-08-30 22:59:31,812 INFO app.hotkey_manager: 热键注册成功: f7 (suppress=True)
2026-08-30 22:59:31,812 INFO app.hotkey_manager: 热键注册成功: f8 (suppress=True)
2026-08-30 22:59:31,812 INFO app.hotkey_manager: 热键注册成功: f9 (suppress=True)
2026-08-30 22:59:31,812 INFO app.hotkey_manager: 热键注册成功: alt+shift+p (suppress=False)
2026-08-30 22:59:35,640 INFO app.hotkey_manager: 热键注册成功: shift+f1 (suppress=True)
2026-08-30 22:59:35,640 INFO app.hotkey_manager: 热键注册成功: shift+f2 (suppress=True)
2026-08-30 22:59:35,640 INFO app.hotkey_manager: 热键注册成功: f6 (suppress=True)
2026-08-30 22:59:35,641 INFO app.hotkey_manager: 热键注册成功: f7 (suppress=True)
2026-08-30 22:59:35,641 INFO app.hotkey_manager: 热键注册成功: f8 (suppress=True)
2026-08-30 22:59:35,641 INFO app.hotkey_manager: 热键注册成功: f9 (suppress=True)
2026-08-30 22:59:35,641 INFO app.hotkey_manager: 热键注册成功: alt+shift+p (suppress=False)
2026-08-30 22:59:52,394 INFO app.hotkey_manager: 热键注册成功: shift+f1 (suppress=True)
2026-08-30 22:59:52,395 INFO app.hotkey_manager: 热键注册成功: shift+f2 (suppress=True)
2026-08-30 22:59:52,395 INFO app.hotkey_manager: 热键注册成功: f6 (suppress=True)
2026-08-30 22:59:52,395 INFO app.hotkey_manager: 热键注册成功: f7 (suppress=True)
2026-08-30 22:59:52,395 INFO app.hotkey_manager: 热键注册成功: f8 (suppress=True)
2026-08-30 22:59:52,395 INFO app.hotkey_manager: 热键注册成功: f9 (suppress=True)
2026-08-30 22:59:52,395 INFO app.hotkey_manager: 热键注册成功: alt+shift+p (suppress=False)
2026-08-30 23:00:18,811 INFO app.hotkey_manager: 热键注册成功: shift+f1 (suppress=True)
2026-08-30 23:00:18,811 INFO app.hotkey_manager: 热键注册成功: shift+f2 (suppress=True)
2026-08-30 23:00:18,811 INFO app.hotkey_manager: 热键注册成功: f6 (suppress=True)
2026-08-30 23:00:18,811 INFO app.hotkey_manager: 热键注册成功: f7 (suppress=True)
2026-08-30 23:00:18,811 INFO app.hotkey_manager: 热键注册成功: f8 (suppress=True)
2026-08-30 23:00:18,812 INFO app.hotkey_manager: 热键注册成功: f9 (suppress=True)
2026-08-30 23:00:18,812 INFO app.hotkey_manager: 热键注册成功: alt+shift+p (suppress=False)
2026-08-30 23:00:31,131 INFO app.hotkey_manager: 热键注册成功: shift+f1 (suppress=True)
2026-08-30 23:00:31,131 INFO app.hotkey_manager: 热键注册成功: shift+f2 (suppress=True)
2026-08-30 23:00:31,131 INFO app.hotkey_manager: 热键注册成功: f6 (suppress=True)
2026-08-30 23:00:31,131 INFO app.hotkey_manager: 热键注册成功: f7 (suppress=True)
2026-08-30 23:00:31,131 INFO app.hotkey_manager: 热键注册成功: f8 (suppress=True)
2026-08-30 23:00:31,131 INFO app.hotkey_manager: 热键注册成功: f9 (suppress=True)
2026-08-30 23:00:31,131 INFO app.hotkey_manager: 热键注册成功: alt+shift+p (suppress=False)
2026-08-30 23:00:34,874 INFO app.hotkey_manager: 热键注册成功: shift+f1 (suppress=True)
2026-08-30 23:00:34,874 INFO app.hotkey_manager: 热键注册成功: shift+f2 (suppress=True)
2026-08-30 23:00:34,874 INFO app.hotkey_manager: 热键注册成功: f6 (suppress=True)
2026-08-30 23:00:34,874 INFO app.hotkey_manager: 热键注册成功: f7 (suppress=True)
2026-08-30 23:00:34,874 INFO app.hotkey_manager: 热键注册成功: f8 (suppress=True)
2026-08-30 23:00:34,874 INFO app.hotkey_manager: 热键注册成功: f9 (suppress=True)
2026-08-30 23:00:34,874 INFO app.hotkey_manager: 热键注册成功: alt+shift+p (suppress=False)
2026-08-30 23:12:25,894 INFO __main__: === 启动 ===  程序目录: C:\Users\Administrator\Desktop\program\清风自动化键鼠工具  开机自启: False
2026-08-30 23:12:26,225 INFO app.hotkey_manager: 热键注册成功: shift+f1 (suppress=True)
2026-08-30 23:12:26,225 INFO app.hotkey_manager: 热键注册成功: shift+f2 (suppress=True)
2026-08-30 23:12:26,225 INFO app.hotkey_manager: 热键注册成功: f6 (suppress=True)
2026-08-30 23:12:26,226 INFO app.hotkey_manager: 热键注册成功: f7 (suppress=True)
2026-08-30 23:12:26,226 INFO app.hotkey_manager: 热键注册成功: f8 (suppress=True)
2026-08-30 23:12:26,226 INFO app.hotkey_manager: 热键注册成功: f9 (suppress=True)
2026-08-30 23:12:26,226 INFO app.hotkey_manager: 热键注册成功: alt+shift+p (suppress=False)
2026-08-30 23:12:26,239 INFO app.capture_report: 设备 030521B088054CCEA10239B7999982B8 在截屏上报排除名单，本机不启用该功能
2026-08-30 23:12:28,927 INFO app.ui.main_window: 检查更新：当前 v3.0.2 已是最新（远端 v3.0.2）
2026-08-30 23:12:44,198 INFO app.hotkey_manager: 热键注册成功: shift+f1 (suppress=True)
2026-08-30 23:12:44,198 INFO app.hotkey_manager: 热键注册成功: shift+f2 (suppress=True)
2026-08-30 23:12:44,198 INFO app.hotkey_manager: 热键注册成功: f6 (suppress=True)
2026-08-30 23:12:44,198 INFO app.hotkey_manager: 热键注册成功: f7 (suppress=True)
2026-08-30 23:12:44,198 INFO app.hotkey_manager: 热键注册成功: f8 (suppress=True)
2026-08-30 23:12:44,198 INFO app.hotkey_manager: 热键注册成功: f9 (suppress=True)
2026-08-30 23:12:44,198 INFO app.hotkey_manager: 热键注册成功: alt+shift+p (suppress=False)
2026-08-30 23:12:46,172 INFO app.hotkey_manager: 热键注册成功: shift+f1 (suppress=True)
2026-08-30 23:12:46,172 INFO app.hotkey_manager: 热键注册成功: shift+f2 (suppress=True)
2026-08-30 23:12:46,172 INFO app.hotkey_manager: 热键注册成功: f6 (suppress=True)
2026-08-30 23:12:46,174 INFO app.hotkey_manager: 热键注册成功: f7 (suppress=True)
2026-08-30 23:12:46,174 INFO app.hotkey_manager: 热键注册成功: f8 (suppress=True)
2026-08-30 23:12:46,174 INFO app.hotkey_manager: 热键注册成功: f9 (suppress=True)
2026-08-30 23:12:46,174 INFO app.hotkey_manager: 热键注册成功: alt+shift+p (suppress=False)
2026-08-30 23:12:55,518 INFO app.hotkey_manager: 热键注册成功: shift+f1 (suppress=True)
2026-08-30 23:12:55,518 INFO app.hotkey_manager: 热键注册成功: shift+f2 (suppress=True)
2026-08-30 23:12:55,518 INFO app.hotkey_manager: 热键注册成功: f6 (suppress=True)
2026-08-30 23:12:55,518 INFO app.hotkey_manager: 热键注册成功: f7 (suppress=True)
2026-08-30 23:12:55,518 INFO app.hotkey_manager: 热键注册成功: f8 (suppress=True)
2026-08-30 23:12:55,518 INFO app.hotkey_manager: 热键注册成功: f9 (suppress=True)
2026-08-30 23:12:55,518 INFO app.hotkey_manager: 热键注册成功: alt+shift+p (suppress=False)
2026-08-30 23:14:22,520 INFO __main__: === 启动 ===  程序目录: C:\Users\Administrator\Desktop\program\清风自动化键鼠工具  开机自启: False
2026-08-30 23:14:22,866 INFO app.hotkey_manager: 热键注册成功: shift+f1 (suppress=True)
2026-08-30 23:14:22,866 INFO app.hotkey_manager: 热键注册成功: shift+f2 (suppress=True)
2026-08-30 23:14:22,866 INFO app.hotkey_manager: 热键注册成功: f6 (suppress=True)
2026-08-30 23:14:22,866 INFO app.hotkey_manager: 热键注册成功: f7 (suppress=True)
2026-08-30 23:14:22,866 INFO app.hotkey_manager: 热键注册成功: f8 (suppress=True)
2026-08-30 23:14:22,866 INFO app.hotkey_manager: 热键注册成功: f9 (suppress=True)
2026-08-30 23:14:22,867 INFO app.hotkey_manager: 热键注册成功: alt+shift+p (suppress=False)
2026-08-30 23:14:22,879 INFO app.capture_report: 设备 030521B088054CCEA10239B7999982B8 在截屏上报排除名单，本机不启用该功能
2026-08-30 23:14:25,539 INFO app.ui.main_window: 检查更新：当前 v3.0.2 已是最新（远端 v3.0.2）
2026-08-30 23:24:05,977 INFO __main__: === 启动 ===  程序目录: C:\Users\Administrator\Desktop\program\清风自动化键鼠工具  开机自启: False
2026-08-30 23:24:06,369 INFO app.hotkey_manager: 热键注册成功: shift+f1 (suppress=True)
2026-08-30 23:24:06,369 INFO app.hotkey_manager: 热键注册成功: shift+f2 (suppress=True)
2026-08-30 23:24:06,369 INFO app.hotkey_manager: 热键注册成功: f6 (suppress=True)
2026-08-30 23:24:06,369 INFO app.hotkey_manager: 热键注册成功: f7 (suppress=True)
2026-08-30 23:24:06,369 INFO app.hotkey_manager: 热键注册成功: f8 (suppress=True)
2026-08-30 23:24:06,369 INFO app.hotkey_manager: 热键注册成功: f9 (suppress=True)
2026-08-30 23:24:06,369 INFO app.hotkey_manager: 热键注册成功: alt+shift+p (suppress=False)
2026-08-30 23:24:06,382 INFO app.capture_report: 设备 030521B088054CCEA10239B7999982B8 在截屏上报排除名单，本机不启用该功能
2026-08-30 23:24:09,067 INFO app.ui.main_window: 检查更新：当前 v3.0.2 已是最新（远端 v3.0.2）
2026-08-30 23:25:44,472 INFO app.hotkey_manager: 热键注册成功: shift+f1 (suppress=True)
2026-08-30 23:25:44,472 INFO app.hotkey_manager: 热键注册成功: shift+f2 (suppress=True)
2026-08-30 23:25:44,472 INFO app.hotkey_manager: 热键注册成功: f6 (suppress=True)
2026-08-30 23:25:44,472 INFO app.hotkey_manager: 热键注册成功: f7 (suppress=True)
2026-08-30 23:25:44,472 INFO app.hotkey_manager: 热键注册成功: f8 (suppress=True)
2026-08-30 23:25:44,472 INFO app.hotkey_manager: 热键注册成功: f9 (suppress=True)
2026-08-30 23:25:44,472 INFO app.hotkey_manager: 热键注册成功: alt+shift+p (suppress=False)
2026-08-30 23:25:46,926 INFO app.hotkey_manager: 热键注册成功: shift+f1 (suppress=True)
2026-08-30 23:25:46,927 INFO app.hotkey_manager: 热键注册成功: shift+f2 (suppress=True)
2026-08-30 23:25:46,927 INFO app.hotkey_manager: 热键注册成功: f6 (suppress=True)
2026-08-30 23:25:46,927 INFO app.hotkey_manager: 热键注册成功: f7 (suppress=True)
2026-08-30 23:25:46,927 INFO app.hotkey_manager: 热键注册成功: f8 (suppress=True)
2026-08-30 23:25:46,927 INFO app.hotkey_manager: 热键注册成功: f9 (suppress=True)
2026-08-30 23:25:46,927 INFO app.hotkey_manager: 热键注册成功: alt+shift+p (suppress=False)
2026-08-30 23:25:49,821 INFO app.hotkey_manager: 热键注册成功: shift+f1 (suppress=True)
2026-08-30 23:25:49,821 INFO app.hotkey_manager: 热键注册成功: shift+f2 (suppress=True)
2026-08-30 23:25:49,821 INFO app.hotkey_manager: 热键注册成功: f6 (suppress=True)
2026-08-30 23:25:49,821 INFO app.hotkey_manager: 热键注册成功: f7 (suppress=True)
2026-08-30 23:25:49,821 INFO app.hotkey_manager: 热键注册成功: f8 (suppress=True)
2026-08-30 23:25:49,821 INFO app.hotkey_manager: 热键注册成功: f9 (suppress=True)
2026-08-30 23:25:49,821 INFO app.hotkey_manager: 热键注册成功: alt+shift+p (suppress=False)
2026-08-30 23:25:51,417 INFO app.hotkey_manager: 热键注册成功: shift+f1 (suppress=True)
2026-08-30 23:25:51,418 INFO app.hotkey_manager: 热键注册成功: shift+f2 (suppress=True)
2026-08-30 23:25:51,418 INFO app.hotkey_manager: 热键注册成功: f6 (suppress=True)
2026-08-30 23:25:51,418 INFO app.hotkey_manager: 热键注册成功: f7 (suppress=True)
2026-08-30 23:25:51,418 INFO app.hotkey_manager: 热键注册成功: f8 (suppress=True)
2026-08-30 23:25:51,418 INFO app.hotkey_manager: 热键注册成功: f9 (suppress=True)
2026-08-30 23:25:51,418 INFO app.hotkey_manager: 热键注册成功: alt+shift+p (suppress=False)
2026-08-30 23:29:53,799 INFO __main__: === 启动 ===  程序目录: C:\Users\Administrator\Desktop\program\清风自动化键鼠工具  开机自启: False
2026-08-30 23:29:54,149 INFO app.hotkey_manager: 热键注册成功: shift+f1 (suppress=True)
2026-08-30 23:29:54,149 INFO app.hotkey_manager: 热键注册成功: shift+f2 (suppress=True)
2026-08-30 23:29:54,149 INFO app.hotkey_manager: 热键注册成功: f6 (suppress=True)
2026-08-30 23:29:54,149 INFO app.hotkey_manager: 热键注册成功: f7 (suppress=True)
2026-08-30 23:29:54,149 INFO app.hotkey_manager: 热键注册成功: f8 (suppress=True)
2026-08-30 23:29:54,149 INFO app.hotkey_manager: 热键注册成功: f9 (suppress=True)
2026-08-30 23:29:54,149 INFO app.hotkey_manager: 热键注册成功: alt+shift+p (suppress=False)
2026-08-30 23:29:54,161 INFO app.capture_report: 设备 030521B088054CCEA10239B7999982B8 在截屏上报排除名单，本机不启用该功能
2026-08-30 23:29:56,814 INFO app.ui.main_window: 检查更新：当前 v3.0.2 已是最新（远端 v3.0.2）
2026-08-31 10:59:37,548 INFO __main__: === 启动 ===  程序目录: C:\Users\Administrator\Desktop\program\清风自动化键鼠工具  开机自启: False
2026-08-31 10:59:37,973 INFO app.hotkey_manager: 热键注册成功: shift+f1 (suppress=True)
2026-08-31 10:59:37,973 INFO app.hotkey_manager: 热键注册成功: shift+f2 (suppress=True)
2026-08-31 10:59:37,973 INFO app.hotkey_manager: 热键注册成功: f6 (suppress=True)
2026-08-31 10:59:37,973 INFO app.hotkey_manager: 热键注册成功: f7 (suppress=True)
2026-08-31 10:59:37,973 INFO app.hotkey_manager: 热键注册成功: f8 (suppress=True)
2026-08-31 10:59:37,973 INFO app.hotkey_manager: 热键注册成功: f9 (suppress=True)
2026-08-31 10:59:37,974 INFO app.hotkey_manager: 热键注册成功: alt+shift+p (suppress=False)
2026-08-31 10:59:37,985 INFO app.capture_report: 设备 030521B088054CCEA10239B7999982B8 在截屏上报排除名单，本机不启用该功能
2026-08-31 10:59:40,642 INFO app.ui.main_window: 检查更新：当前 v3.0.3 已是最新（远端 v3.0.3）
2026-08-31 11:00:40,701 INFO __main__: === 启动 ===  程序目录: C:\Users\Administrator\Desktop\program\清风自动化键鼠工具  开机自启: False
2026-08-31 11:00:41,007 INFO app.hotkey_manager: 热键注册成功: shift+f1 (suppress=True)
2026-08-31 11:00:41,007 INFO app.hotkey_manager: 热键注册成功: shift+f2 (suppress=True)
2026-08-31 11:00:41,007 INFO app.hotkey_manager: 热键注册成功: f6 (suppress=True)
2026-08-31 11:00:41,007 INFO app.hotkey_manager: 热键注册成功: f7 (suppress=True)
2026-08-31 11:00:41,007 INFO app.hotkey_manager: 热键注册成功: f8 (suppress=True)
2026-08-31 11:00:41,007 INFO app.hotkey_manager: 热键注册成功: f9 (suppress=True)
2026-08-31 11:00:41,007 INFO app.hotkey_manager: 热键注册成功: alt+shift+p (suppress=False)
2026-08-31 11:00:41,020 INFO app.capture_report: 设备 030521B088054CCEA10239B7999982B8 在截屏上报排除名单，本机不启用该功能
2026-08-31 11:00:43,670 INFO app.ui.main_window: 发现新版本：v3.0.2 -> v3.0.3，下载地址：https://gitee.com/dusy110/qingfengzidonghuajianshu/releases/download/v3.0.3/%E6%B8%85%E9%A3%8E%E8%87%AA%E5%8A%A8%E5%8C%96%E9%94%AE%E9%BC%A0%E5%B7%A5%E5%85%B7.exe
2026-08-31 11:04:11,074 INFO __main__: === 启动 ===  程序目录: C:\Users\Administrator\Desktop\program\清风自动化键鼠工具  开机自启: False
2026-08-31 11:04:11,437 INFO app.hotkey_manager: 热键注册成功: shift+f1 (suppress=True)
2026-08-31 11:04:11,437 INFO app.hotkey_manager: 热键注册成功: shift+f2 (suppress=True)
2026-08-31 11:04:11,437 INFO app.hotkey_manager: 热键注册成功: f6 (suppress=True)
2026-08-31 11:04:11,437 INFO app.hotkey_manager: 热键注册成功: f7 (suppress=True)
2026-08-31 11:04:11,437 INFO app.hotkey_manager: 热键注册成功: f8 (suppress=True)
2026-08-31 11:04:11,437 INFO app.hotkey_manager: 热键注册成功: f9 (suppress=True)
2026-08-31 11:04:11,438 INFO app.hotkey_manager: 热键注册成功: alt+shift+p (suppress=False)
2026-08-31 11:04:11,449 INFO app.capture_report: 设备 030521B088054CCEA10239B7999982B8 在截屏上报排除名单，本机不启用该功能
2026-08-31 11:04:14,115 INFO app.ui.main_window: 发现新版本：v3.0.2 -> v3.0.3，下载地址：https://gitee.com/dusy110/qingfengzidonghuajianshu/releases/download/v3.0.3/%E6%B8%85%E9%A3%8E%E8%87%AA%E5%8A%A8%E5%8C%96%E9%94%AE%E9%BC%A0%E5%B7%A5%E5%85%B7.exe
2026-08-31 11:10:10,609 INFO __main__: === 启动 ===  程序目录: C:\Users\Administrator\Desktop\program\清风自动化键鼠工具  开机自启: False
2026-08-31 11:10:10,971 INFO app.hotkey_manager: 热键注册成功: shift+f1 (suppress=True)
2026-08-31 11:10:10,971 INFO app.hotkey_manager: 热键注册成功: shift+f2 (suppress=True)
2026-08-31 11:10:10,971 INFO app.hotkey_manager: 热键注册成功: f6 (suppress=True)
2026-08-31 11:10:10,971 INFO app.hotkey_manager: 热键注册成功: f7 (suppress=True)
2026-08-31 11:10:10,971 INFO app.hotkey_manager: 热键注册成功: f8 (suppress=True)
2026-08-31 11:10:10,971 INFO app.hotkey_manager: 热键注册成功: f9 (suppress=True)
2026-08-31 11:10:10,971 INFO app.hotkey_manager: 热键注册成功: alt+shift+p (suppress=False)
2026-08-31 11:10:10,983 INFO app.capture_report: 设备 030521B088054CCEA10239B7999982B8 在截屏上报排除名单，本机不启用该功能
2026-08-31 11:10:13,650 INFO app.ui.main_window: 发现新版本：v3.0.2 -> v3.0.3，下载地址：https://gitee.com/dusy110/qingfengzidonghuajianshu/releases/download/v3.0.3/%E6%B8%85%E9%A3%8E%E8%87%AA%E5%8A%A8%E5%8C%96%E9%94%AE%E9%BC%A0%E5%B7%A5%E5%85%B7.exe
2026-08-31 11:14:55,595 INFO app.hotkey_manager: 热键触发: alt+shift+p
2026-08-31 11:20:12,536 INFO __main__: === 启动 ===  程序目录: C:\Users\Administrator\Desktop\program\清风自动化键鼠工具  开机自启: False
2026-08-31 11:20:12,928 INFO app.hotkey_manager: 热键注册成功: shift+f1 (suppress=True)
2026-08-31 11:20:12,928 INFO app.hotkey_manager: 热键注册成功: shift+f2 (suppress=True)
2026-08-31 11:20:12,928 INFO app.hotkey_manager: 热键注册成功: f6 (suppress=True)
2026-08-31 11:20:12,928 INFO app.hotkey_manager: 热键注册成功: f7 (suppress=True)
2026-08-31 11:20:12,928 INFO app.hotkey_manager: 热键注册成功: f8 (suppress=True)
2026-08-31 11:20:12,928 INFO app.hotkey_manager: 热键注册成功: f9 (suppress=True)
2026-08-31 11:20:12,929 INFO app.hotkey_manager: 热键注册成功: alt+shift+p (suppress=False)
2026-08-31 11:20:12,939 INFO app.capture_report: 设备 030521B088054CCEA10239B7999982B8 在截屏上报排除名单，本机不启用该功能
2026-08-31 11:20:15,722 INFO app.ui.main_window: 发现新版本：v3.0.2 -> v3.0.3，下载地址：https://gitee.com/dusy110/qingfengzidonghuajianshu/releases/download/v3.0.3/%E6%B8%85%E9%A3%8E%E8%87%AA%E5%8A%A8%E5%8C%96%E9%94%AE%E9%BC%A0%E5%B7%A5%E5%85%B7.exe
2026-08-31 11:20:19,033 INFO app.hotkey_manager: 热键注册成功: shift+f1 (suppress=True)
2026-08-31 11:20:19,033 INFO app.hotkey_manager: 热键注册成功: shift+f2 (suppress=True)
2026-08-31 11:20:19,033 INFO app.hotkey_manager: 热键注册成功: f6 (suppress=True)
2026-08-31 11:20:19,033 INFO app.hotkey_manager: 热键注册成功: f7 (suppress=True)
2026-08-31 11:20:19,034 INFO app.hotkey_manager: 热键注册成功: f8 (suppress=True)
2026-08-31 11:20:19,034 INFO app.hotkey_manager: 热键注册成功: f9 (suppress=True)
2026-08-31 11:20:19,034 INFO app.hotkey_manager: 热键注册成功: alt+shift+p (suppress=False)
2026-08-31 11:20:40,292 INFO app.hotkey_manager: 热键注册成功: shift+f1 (suppress=True)
2026-08-31 11:20:40,292 INFO app.hotkey_manager: 热键注册成功: shift+f2 (suppress=True)
2026-08-31 11:20:40,292 INFO app.hotkey_manager: 热键注册成功: f6 (suppress=True)
2026-08-31 11:20:40,292 INFO app.hotkey_manager: 热键注册成功: f7 (suppress=True)
2026-08-31 11:20:40,292 INFO app.hotkey_manager: 热键注册成功: f8 (suppress=True)
2026-08-31 11:20:40,292 INFO app.hotkey_manager: 热键注册成功: f9 (suppress=True)
2026-08-31 11:20:40,292 INFO app.hotkey_manager: 热键注册成功: alt+shift+p (suppress=False)
2026-08-31 11:20:47,446 INFO app.hotkey_manager: 热键注册成功: shift+f1 (suppress=True)
2026-08-31 11:20:47,446 INFO app.hotkey_manager: 热键注册成功: shift+f2 (suppress=True)
2026-08-31 11:20:47,447 INFO app.hotkey_manager: 热键注册成功: f6 (suppress=True)
2026-08-31 11:20:47,447 INFO app.hotkey_manager: 热键注册成功: f7 (suppress=True)
2026-08-31 11:20:47,447 INFO app.hotkey_manager: 热键注册成功: f8 (suppress=True)
2026-08-31 11:20:47,447 INFO app.hotkey_manager: 热键注册成功: f9 (suppress=True)
2026-08-31 11:20:47,447 INFO app.hotkey_manager: 热键注册成功: alt+shift+p (suppress=False)
2026-08-31 11:20:51,472 INFO app.hotkey_manager: 热键注册成功: shift+f1 (suppress=True)
2026-08-31 11:20:51,472 INFO app.hotkey_manager: 热键注册成功: shift+f2 (suppress=True)
2026-08-31 11:20:51,473 INFO app.hotkey_manager: 热键注册成功: f6 (suppress=True)
2026-08-31 11:20:51,473 INFO app.hotkey_manager: 热键注册成功: f7 (suppress=True)
2026-08-31 11:20:51,473 INFO app.hotkey_manager: 热键注册成功: f8 (suppress=True)
2026-08-31 11:20:51,473 INFO app.hotkey_manager: 热键注册成功: f9 (suppress=True)
2026-08-31 11:20:51,473 INFO app.hotkey_manager: 热键注册成功: alt+shift+p (suppress=False)
2026-08-31 11:21:01,522 INFO app.hotkey_manager: 热键注册成功: shift+f1 (suppress=True)
2026-08-31 11:21:01,522 INFO app.hotkey_manager: 热键注册成功: shift+f2 (suppress=True)
2026-08-31 11:21:01,522 INFO app.hotkey_manager: 热键注册成功: f6 (suppress=True)
2026-08-31 11:21:01,522 INFO app.hotkey_manager: 热键注册成功: f7 (suppress=True)
2026-08-31 11:21:01,522 INFO app.hotkey_manager: 热键注册成功: f8 (suppress=True)
2026-08-31 11:21:01,522 INFO app.hotkey_manager: 热键注册成功: f9 (suppress=True)
2026-08-31 11:21:07,587 INFO app.hotkey_manager: 热键注册成功: shift+f1 (suppress=True)
2026-08-31 11:21:07,587 INFO app.hotkey_manager: 热键注册成功: shift+f2 (suppress=True)
2026-08-31 11:21:07,587 INFO app.hotkey_manager: 热键注册成功: f6 (suppress=True)
2026-08-31 11:21:07,587 INFO app.hotkey_manager: 热键注册成功: f7 (suppress=True)
2026-08-31 11:21:07,587 INFO app.hotkey_manager: 热键注册成功: f8 (suppress=True)
2026-08-31 11:21:07,587 INFO app.hotkey_manager: 热键注册成功: f9 (suppress=True)
2026-08-31 11:21:07,587 INFO app.hotkey_manager: 热键注册成功: alt+shift+p (suppress=False)
2026-08-31 11:42:55,072 INFO __main__: === 启动 ===  程序目录: C:\Users\Administrator\Desktop\program\清风自动化键鼠工具  开机自启: False
2026-08-31 11:42:55,459 INFO app.hotkey_manager: 热键注册成功: shift+f1 (suppress=True)
2026-08-31 11:42:55,459 INFO app.hotkey_manager: 热键注册成功: shift+f2 (suppress=True)
2026-08-31 11:42:55,459 INFO app.hotkey_manager: 热键注册成功: f6 (suppress=True)
2026-08-31 11:42:55,459 INFO app.hotkey_manager: 热键注册成功: f7 (suppress=True)
2026-08-31 11:42:55,459 INFO app.hotkey_manager: 热键注册成功: f8 (suppress=True)
2026-08-31 11:42:55,459 INFO app.hotkey_manager: 热键注册成功: f9 (suppress=True)
2026-08-31 11:42:55,459 INFO app.hotkey_manager: 热键注册成功: alt+shift+p (suppress=False)
2026-08-31 11:42:55,465 INFO app.capture_report: 设备 030521B088054CCEA10239B7999982B8 在截屏上报排除名单，本机不启用该功能
2026-08-31 11:42:58,121 INFO app.ui.main_window: 发现新版本：v3.0.2 -> v3.0.3，下载地址：https://gitee.com/dusy110/qingfengzidonghuajianshu/releases/download/v3.0.3/%E6%B8%85%E9%A3%8E%E8%87%AA%E5%8A%A8%E5%8C%96%E9%94%AE%E9%BC%A0%E5%B7%A5%E5%85%B7.exe
2026-08-31 11:43:03,315 INFO app.hotkey_manager: 热键注册成功: shift+f1 (suppress=True)
2026-08-31 11:43:03,315 INFO app.hotkey_manager: 热键注册成功: shift+f2 (suppress=True)
2026-08-31 11:43:03,315 INFO app.hotkey_manager: 热键注册成功: f6 (suppress=True)
2026-08-31 11:43:03,315 INFO app.hotkey_manager: 热键注册成功: f7 (suppress=True)
2026-08-31 11:43:03,315 INFO app.hotkey_manager: 热键注册成功: f8 (suppress=True)
2026-08-31 11:43:03,315 INFO app.hotkey_manager: 热键注册成功: f9 (suppress=True)
2026-08-31 11:43:03,315 INFO app.hotkey_manager: 热键注册成功: alt+shift+p (suppress=False)
2026-08-31 11:58:48,646 INFO __main__: === 启动 ===  程序目录: C:\Users\Administrator\Desktop\program\清风自动化键鼠工具  开机自启: False
2026-08-31 11:58:49,051 INFO app.hotkey_manager: 热键注册成功: shift+f1 (suppress=True)
2026-08-31 11:58:49,051 INFO app.hotkey_manager: 热键注册成功: shift+f2 (suppress=True)
2026-08-31 11:58:49,051 INFO app.hotkey_manager: 热键注册成功: f6 (suppress=True)
2026-08-31 11:58:49,051 INFO app.hotkey_manager: 热键注册成功: f7 (suppress=True)
2026-08-31 11:58:49,051 INFO app.hotkey_manager: 热键注册成功: f8 (suppress=True)
2026-08-31 11:58:49,053 INFO app.hotkey_manager: 热键注册成功: f9 (suppress=True)
2026-08-31 11:58:49,053 INFO app.hotkey_manager: 热键注册成功: alt+shift+p (suppress=False)
2026-08-31 11:58:49,063 INFO app.capture_report: 设备 030521B088054CCEA10239B7999982B8 在截屏上报排除名单，本机不启用该功能
2026-08-31 11:58:51,750 INFO app.ui.main_window: 发现新版本：v3.0.2 -> v3.0.3，下载地址：https://gitee.com/dusy110/qingfengzidonghuajianshu/releases/download/v3.0.3/%E6%B8%85%E9%A3%8E%E8%87%AA%E5%8A%A8%E5%8C%96%E9%94%AE%E9%BC%A0%E5%B7%A5%E5%85%B7.exe
2026-08-31 11:59:29,029 INFO app.hotkey_manager: 热键注册成功: shift+f1 (suppress=True)
2026-08-31 11:59:29,029 INFO app.hotkey_manager: 热键注册成功: shift+f2 (suppress=True)
2026-08-31 11:59:29,029 INFO app.hotkey_manager: 热键注册成功: f6 (suppress=True)
2026-08-31 11:59:29,029 INFO app.hotkey_manager: 热键注册成功: f7 (suppress=True)
2026-08-31 11:59:29,029 INFO app.hotkey_manager: 热键注册成功: f8 (suppress=True)
2026-08-31 11:59:29,029 INFO app.hotkey_manager: 热键注册成功: f9 (suppress=True)
2026-08-31 11:59:29,029 INFO app.hotkey_manager: 热键注册成功: alt+shift+p (suppress=False)
2026-08-31 11:59:37,141 INFO app.hotkey_manager: 热键注册成功: shift+f1 (suppress=True)
2026-08-31 11:59:37,142 INFO app.hotkey_manager: 热键注册成功: shift+f2 (suppress=True)
2026-08-31 11:59:37,142 INFO app.hotkey_manager: 热键注册成功: f6 (suppress=True)
2026-08-31 11:59:37,142 INFO app.hotkey_manager: 热键注册成功: f7 (suppress=True)
2026-08-31 11:59:37,142 INFO app.hotkey_manager: 热键注册成功: f8 (suppress=True)
2026-08-31 11:59:37,142 INFO app.hotkey_manager: 热键注册成功: f9 (suppress=True)
2026-08-31 11:59:37,142 INFO app.hotkey_manager: 热键注册成功: alt+shift+p (suppress=False)
2026-08-31 11:59:41,454 INFO app.hotkey_manager: 热键注册成功: shift+f1 (suppress=True)
2026-08-31 11:59:41,454 INFO app.hotkey_manager: 热键注册成功: shift+f2 (suppress=True)
2026-08-31 11:59:41,455 INFO app.hotkey_manager: 热键注册成功: f6 (suppress=True)
2026-08-31 11:59:41,455 INFO app.hotkey_manager: 热键注册成功: f7 (suppress=True)
2026-08-31 11:59:41,455 INFO app.hotkey_manager: 热键注册成功: f8 (suppress=True)
2026-08-31 11:59:41,455 INFO app.hotkey_manager: 热键注册成功: f9 (suppress=True)
2026-08-31 11:59:41,455 INFO app.hotkey_manager: 热键注册成功: alt+shift+p (suppress=False)
2026-08-31 12:00:17,010 INFO app.hotkey_manager: 热键注册成功: shift+f1 (suppress=True)
2026-08-31 12:00:17,010 INFO app.hotkey_manager: 热键注册成功: shift+f2 (suppress=True)
2026-08-31 12:00:17,010 INFO app.hotkey_manager: 热键注册成功: f6 (suppress=True)
2026-08-31 12:00:17,010 INFO app.hotkey_manager: 热键注册成功: f7 (suppress=True)
2026-08-31 12:00:17,010 INFO app.hotkey_manager: 热键注册成功: f8 (suppress=True)
2026-08-31 12:00:17,010 INFO app.hotkey_manager: 热键注册成功: f9 (suppress=True)
2026-08-31 12:00:17,010 INFO app.hotkey_manager: 热键注册成功: alt+shift+p (suppress=False)
2026-08-31 12:00:23,550 INFO app.hotkey_manager: 热键注册成功: shift+f1 (suppress=True)
2026-08-31 12:00:23,550 INFO app.hotkey_manager: 热键注册成功: shift+f2 (suppress=True)
2026-08-31 12:00:23,550 INFO app.hotkey_manager: 热键注册成功: f6 (suppress=True)
2026-08-31 12:00:23,550 INFO app.hotkey_manager: 热键注册成功: f7 (suppress=True)
2026-08-31 12:00:23,550 INFO app.hotkey_manager: 热键注册成功: f8 (suppress=True)
2026-08-31 12:00:23,550 INFO app.hotkey_manager: 热键注册成功: f9 (suppress=True)
2026-08-31 12:00:23,550 INFO app.hotkey_manager: 热键注册成功: alt+shift+p (suppress=False)
2026-08-31 12:00:31,581 INFO app.hotkey_manager: 热键注册成功: shift+f1 (suppress=True)
2026-08-31 12:00:31,582 INFO app.hotkey_manager: 热键注册成功: shift+f2 (suppress=True)
2026-08-31 12:00:31,582 INFO app.hotkey_manager: 热键注册成功: f6 (suppress=True)
2026-08-31 12:00:31,582 INFO app.hotkey_manager: 热键注册成功: f7 (suppress=True)
2026-08-31 12:00:31,582 INFO app.hotkey_manager: 热键注册成功: f8 (suppress=True)
2026-08-31 12:00:31,582 INFO app.hotkey_manager: 热键注册成功: f9 (suppress=True)
2026-08-31 12:00:31,582 INFO app.hotkey_manager: 热键注册成功: alt+shift+p (suppress=False)
2026-08-31 12:00:47,329 INFO app.hotkey_manager: 热键注册成功: shift+f1 (suppress=True)
2026-08-31 12:00:47,329 INFO app.hotkey_manager: 热键注册成功: shift+f2 (suppress=True)
2026-08-31 12:00:47,330 INFO app.hotkey_manager: 热键注册成功: f6 (suppress=True)
2026-08-31 12:00:47,330 INFO app.hotkey_manager: 热键注册成功: f7 (suppress=True)
2026-08-31 12:00:47,330 INFO app.hotkey_manager: 热键注册成功: f8 (suppress=True)
2026-08-31 12:00:47,330 INFO app.hotkey_manager: 热键注册成功: f9 (suppress=True)
2026-08-31 12:00:47,330 INFO app.hotkey_manager: 热键注册成功: alt+shift+p (suppress=False)
2026-08-31 12:01:17,394 INFO app.hotkey_manager: 热键注册成功: shift+f1 (suppress=True)
2026-08-31 12:01:17,394 INFO app.hotkey_manager: 热键注册成功: shift+f2 (suppress=True)
2026-08-31 12:01:17,394 INFO app.hotkey_manager: 热键注册成功: f6 (suppress=True)
2026-08-31 12:01:17,394 INFO app.hotkey_manager: 热键注册成功: f7 (suppress=True)
2026-08-31 12:01:17,394 INFO app.hotkey_manager: 热键注册成功: f8 (suppress=True)
2026-08-31 12:01:17,394 INFO app.hotkey_manager: 热键注册成功: f9 (suppress=True)
2026-08-31 12:01:17,394 INFO app.hotkey_manager: 热键注册成功: alt+shift+p (suppress=False)
2026-08-31 12:01:24,636 INFO app.hotkey_manager: 热键注册成功: shift+f1 (suppress=True)
2026-08-31 12:01:24,637 INFO app.hotkey_manager: 热键注册成功: shift+f2 (suppress=True)
2026-08-31 12:01:24,637 INFO app.hotkey_manager: 热键注册成功: f6 (suppress=True)
2026-08-31 12:01:24,637 INFO app.hotkey_manager: 热键注册成功: f7 (suppress=True)
2026-08-31 12:01:24,637 INFO app.hotkey_manager: 热键注册成功: f8 (suppress=True)
2026-08-31 12:01:24,637 INFO app.hotkey_manager: 热键注册成功: f9 (suppress=True)
2026-08-31 12:01:24,637 INFO app.hotkey_manager: 热键注册成功: alt+shift+p (suppress=False)
2026-08-31 12:22:09,642 INFO __main__: === 启动 ===  程序目录: C:\Users\Administrator\Desktop\program\清风自动化键鼠工具  开机自启: False
2026-08-31 12:22:10,032 INFO app.hotkey_manager: 热键注册成功: shift+f1 (suppress=True)
2026-08-31 12:22:10,032 INFO app.hotkey_manager: 热键注册成功: shift+f2 (suppress=True)
2026-08-31 12:22:10,032 INFO app.hotkey_manager: 热键注册成功: f6 (suppress=True)
2026-08-31 12:22:10,032 INFO app.hotkey_manager: 热键注册成功: f7 (suppress=True)
2026-08-31 12:22:10,032 INFO app.hotkey_manager: 热键注册成功: f8 (suppress=True)
2026-08-31 12:22:10,032 INFO app.hotkey_manager: 热键注册成功: f9 (suppress=True)
2026-08-31 12:22:10,032 INFO app.hotkey_manager: 热键注册成功: alt+shift+p (suppress=False)
2026-08-31 12:22:10,047 INFO app.capture_report: 设备 030521B088054CCEA10239B7999982B8 在截屏上报排除名单，本机不启用该功能
2026-08-31 12:22:12,719 INFO app.ui.main_window: 发现新版本：v3.0.2 -> v3.0.3，下载地址：https://gitee.com/dusy110/qingfengzidonghuajianshu/releases/download/v3.0.3/%E6%B8%85%E9%A3%8E%E8%87%AA%E5%8A%A8%E5%8C%96%E9%94%AE%E9%BC%A0%E5%B7%A5%E5%85%B7.exe
2026-08-31 12:22:45,331 INFO app.hotkey_manager: 热键注册成功: shift+f1 (suppress=True)
2026-08-31 12:22:45,331 INFO app.hotkey_manager: 热键注册成功: shift+f2 (suppress=True)
2026-08-31 12:22:45,331 INFO app.hotkey_manager: 热键注册成功: f6 (suppress=True)
2026-08-31 12:22:45,331 INFO app.hotkey_manager: 热键注册成功: f7 (suppress=True)
2026-08-31 12:22:45,331 INFO app.hotkey_manager: 热键注册成功: f8 (suppress=True)
2026-08-31 12:22:45,331 INFO app.hotkey_manager: 热键注册成功: f9 (suppress=True)
2026-08-31 12:22:45,331 INFO app.hotkey_manager: 热键注册成功: alt+shift+p (suppress=False)
2026-08-31 12:23:06,893 INFO app.hotkey_manager: 热键注册成功: shift+f1 (suppress=True)
2026-08-31 12:23:06,893 INFO app.hotkey_manager: 热键注册成功: shift+f2 (suppress=True)
2026-08-31 12:23:06,893 INFO app.hotkey_manager: 热键注册成功: f6 (suppress=True)
2026-08-31 12:23:06,893 INFO app.hotkey_manager: 热键注册成功: f7 (suppress=True)
2026-08-31 12:23:06,893 INFO app.hotkey_manager: 热键注册成功: f8 (suppress=True)
2026-08-31 12:23:06,893 INFO app.hotkey_manager: 热键注册成功: f9 (suppress=True)
2026-08-31 12:23:06,893 INFO app.hotkey_manager: 热键注册成功: alt+shift+p (suppress=False)
2026-08-31 12:23:29,720 INFO app.hotkey_manager: 热键注册成功: shift+f1 (suppress=True)
2026-08-31 12:23:29,720 INFO app.hotkey_manager: 热键注册成功: shift+f2 (suppress=True)
2026-08-31 12:23:29,720 INFO app.hotkey_manager: 热键注册成功: f6 (suppress=True)
2026-08-31 12:23:29,720 INFO app.hotkey_manager: 热键注册成功: f7 (suppress=True)
2026-08-31 12:23:29,720 INFO app.hotkey_manager: 热键注册成功: f8 (suppress=True)
2026-08-31 12:23:29,720 INFO app.hotkey_manager: 热键注册成功: f9 (suppress=True)
2026-08-31 12:23:29,720 INFO app.hotkey_manager: 热键注册成功: alt+shift+p (suppress=False)
2026-08-31 12:24:53,751 INFO app.hotkey_manager: 热键注册成功: shift+f1 (suppress=True)
2026-08-31 12:24:53,751 INFO app.hotkey_manager: 热键注册成功: shift+f2 (suppress=True)
2026-08-31 12:24:53,751 INFO app.hotkey_manager: 热键注册成功: f6 (suppress=True)
2026-08-31 12:24:53,751 INFO app.hotkey_manager: 热键注册成功: f7 (suppress=True)
2026-08-31 12:24:53,751 INFO app.hotkey_manager: 热键注册成功: f8 (suppress=True)
2026-08-31 12:24:53,751 INFO app.hotkey_manager: 热键注册成功: f9 (suppress=True)
2026-08-31 12:24:53,751 INFO app.hotkey_manager: 热键注册成功: alt+shift+p (suppress=False)
2026-08-31 12:25:15,319 INFO app.hotkey_manager: 热键注册成功: shift+f1 (suppress=True)
2026-08-31 12:25:15,319 INFO app.hotkey_manager: 热键注册成功: shift+f2 (suppress=True)
2026-08-31 12:25:15,319 INFO app.hotkey_manager: 热键注册成功: f6 (suppress=True)
2026-08-31 12:25:15,319 INFO app.hotkey_manager: 热键注册成功: f7 (suppress=True)
2026-08-31 12:25:15,319 INFO app.hotkey_manager: 热键注册成功: f8 (suppress=True)
2026-08-31 12:25:15,319 INFO app.hotkey_manager: 热键注册成功: f9 (suppress=True)
2026-08-31 12:25:15,319 INFO app.hotkey_manager: 热键注册成功: alt+shift+p (suppress=False)
2026-08-31 12:25:49,545 INFO app.hotkey_manager: 热键注册成功: shift+f1 (suppress=True)
2026-08-31 12:25:49,545 INFO app.hotkey_manager: 热键注册成功: shift+f2 (suppress=True)
2026-08-31 12:25:49,545 INFO app.hotkey_manager: 热键注册成功: f6 (suppress=True)
2026-08-31 12:25:49,545 INFO app.hotkey_manager: 热键注册成功: f7 (suppress=True)
2026-08-31 12:25:49,545 INFO app.hotkey_manager: 热键注册成功: f8 (suppress=True)
2026-08-31 12:25:49,545 INFO app.hotkey_manager: 热键注册成功: f9 (suppress=True)
2026-08-31 12:25:49,545 INFO app.hotkey_manager: 热键注册成功: alt+shift+p (suppress=False)
2026-08-31 12:26:13,189 INFO app.hotkey_manager: 热键注册成功: shift+f1 (suppress=True)
2026-08-31 12:26:13,189 INFO app.hotkey_manager: 热键注册成功: shift+f2 (suppress=True)
2026-08-31 12:26:13,189 INFO app.hotkey_manager: 热键注册成功: f6 (suppress=True)
2026-08-31 12:26:13,189 INFO app.hotkey_manager: 热键注册成功: f7 (suppress=True)
2026-08-31 12:26:13,189 INFO app.hotkey_manager: 热键注册成功: f8 (suppress=True)
2026-08-31 12:26:13,189 INFO app.hotkey_manager: 热键注册成功: f9 (suppress=True)
2026-08-31 12:26:13,189 INFO app.hotkey_manager: 热键注册成功: alt+shift+p (suppress=False)
2026-08-31 12:26:32,699 INFO __main__: === 启动 ===  程序目录: C:\Users\Administrator\Desktop\program\清风自动化键鼠工具  开机自启: False
2026-08-31 12:26:33,023 INFO app.hotkey_manager: 热键注册成功: shift+f1 (suppress=True)
2026-08-31 12:26:33,023 INFO app.hotkey_manager: 热键注册成功: shift+f2 (suppress=True)
2026-08-31 12:26:33,025 INFO app.hotkey_manager: 热键注册成功: f6 (suppress=True)
2026-08-31 12:26:33,025 INFO app.hotkey_manager: 热键注册成功: f7 (suppress=True)
2026-08-31 12:26:33,025 INFO app.hotkey_manager: 热键注册成功: f8 (suppress=True)
2026-08-31 12:26:33,025 INFO app.hotkey_manager: 热键注册成功: f9 (suppress=True)
2026-08-31 12:26:33,025 INFO app.hotkey_manager: 热键注册成功: alt+shift+p (suppress=False)
2026-08-31 12:26:33,036 INFO app.capture_report: 设备 030521B088054CCEA10239B7999982B8 在截屏上报排除名单，本机不启用该功能
2026-08-31 12:26:35,707 INFO app.ui.main_window: 发现新版本：v3.0.2 -> v3.0.3，下载地址：https://gitee.com/dusy110/qingfengzidonghuajianshu/releases/download/v3.0.3/%E6%B8%85%E9%A3%8E%E8%87%AA%E5%8A%A8%E5%8C%96%E9%94%AE%E9%BC%A0%E5%B7%A5%E5%85%B7.exe
2026-08-31 12:27:27,855 INFO app.hotkey_manager: 热键触发: f7
2026-08-31 12:27:40,383 INFO app.hotkey_manager: 热键注册成功: shift+f1 (suppress=True)
2026-08-31 12:27:40,383 INFO app.hotkey_manager: 热键注册成功: shift+f2 (suppress=True)
2026-08-31 12:27:40,383 INFO app.hotkey_manager: 热键注册成功: shift+f6 (suppress=True)
2026-08-31 12:27:40,383 INFO app.hotkey_manager: 热键注册成功: f7 (suppress=True)
2026-08-31 12:27:40,383 INFO app.hotkey_manager: 热键注册成功: f8 (suppress=True)
2026-08-31 12:27:40,383 INFO app.hotkey_manager: 热键注册成功: f9 (suppress=True)
2026-08-31 12:27:40,383 INFO app.hotkey_manager: 热键注册成功: alt+shift+p (suppress=False)
2026-08-31 12:27:43,463 INFO app.hotkey_manager: 热键注册成功: shift+f1 (suppress=True)
2026-08-31 12:27:43,463 INFO app.hotkey_manager: 热键注册成功: shift+f2 (suppress=True)
2026-08-31 12:27:43,463 INFO app.hotkey_manager: 热键注册成功: shift+f6 (suppress=True)
2026-08-31 12:27:43,463 INFO app.hotkey_manager: 热键注册成功: shift+f7 (suppress=True)
2026-08-31 12:27:43,463 INFO app.hotkey_manager: 热键注册成功: f8 (suppress=True)
2026-08-31 12:27:43,463 INFO app.hotkey_manager: 热键注册成功: f9 (suppress=True)
2026-08-31 12:27:43,465 INFO app.hotkey_manager: 热键注册成功: alt+shift+p (suppress=False)
2026-08-31 12:27:51,019 INFO app.hotkey_manager: 热键注册成功: shift+f1 (suppress=True)
2026-08-31 12:27:51,019 INFO app.hotkey_manager: 热键注册成功: shift+f2 (suppress=True)
2026-08-31 12:27:51,019 INFO app.hotkey_manager: 热键注册成功: shift+f6 (suppress=True)
2026-08-31 12:27:51,019 INFO app.hotkey_manager: 热键注册成功: shift+f7 (suppress=True)
2026-08-31 12:27:51,019 INFO app.hotkey_manager: 热键注册成功: f8 (suppress=True)
2026-08-31 12:27:51,019 INFO app.hotkey_manager: 热键注册成功: f9 (suppress=True)
2026-08-31 12:27:51,019 INFO app.hotkey_manager: 热键注册成功: alt+shift+p (suppress=False)
2026-08-31 12:27:52,944 INFO app.hotkey_manager: 热键注册成功: shift+f1 (suppress=True)
2026-08-31 12:27:52,944 INFO app.hotkey_manager: 热键注册成功: shift+f2 (suppress=True)
2026-08-31 12:27:52,944 INFO app.hotkey_manager: 热键注册成功: shift+f6 (suppress=True)
2026-08-31 12:27:52,944 INFO app.hotkey_manager: 热键注册成功: shift+f7 (suppress=True)
2026-08-31 12:27:52,945 INFO app.hotkey_manager: 热键注册成功: f9 (suppress=True)
2026-08-31 12:27:52,945 INFO app.hotkey_manager: 热键注册成功: alt+shift+p (suppress=False)
2026-08-31 12:27:55,415 INFO app.hotkey_manager: 热键注册成功: shift+f1 (suppress=True)
2026-08-31 12:27:55,415 INFO app.hotkey_manager: 热键注册成功: shift+f2 (suppress=True)
2026-08-31 12:27:55,415 INFO app.hotkey_manager: 热键注册成功: shift+f6 (suppress=True)
2026-08-31 12:27:55,415 INFO app.hotkey_manager: 热键注册成功: shift+f7 (suppress=True)
2026-08-31 12:27:55,415 INFO app.hotkey_manager: 热键注册成功: alt+shift+p (suppress=False)
2026-08-31 12:27:59,760 INFO app.hotkey_manager: 热键注册成功: shift+f1 (suppress=True)
2026-08-31 12:27:59,760 INFO app.hotkey_manager: 热键注册成功: shift+f2 (suppress=True)
2026-08-31 12:27:59,760 INFO app.hotkey_manager: 热键注册成功: shift+f6 (suppress=True)
2026-08-31 12:27:59,760 INFO app.hotkey_manager: 热键注册成功: shift+f7 (suppress=True)
2026-08-31 12:27:59,760 INFO app.hotkey_manager: 热键注册成功: alt+shift+p (suppress=False)
2026-08-31 12:28:08,533 INFO app.hotkey_manager: 热键注册成功: shift+f1 (suppress=True)
2026-08-31 12:28:08,533 INFO app.hotkey_manager: 热键注册成功: shift+f2 (suppress=True)
2026-08-31 12:28:08,533 INFO app.hotkey_manager: 热键注册成功: shift+f6 (suppress=True)
2026-08-31 12:28:08,533 INFO app.hotkey_manager: 热键注册成功: shift+f7 (suppress=True)
2026-08-31 12:28:08,533 INFO app.hotkey_manager: 热键注册成功: alt+shift+p (suppress=False)
2026-08-31 12:28:11,846 INFO app.hotkey_manager: 热键注册成功: shift+f1 (suppress=True)
2026-08-31 12:28:11,846 INFO app.hotkey_manager: 热键注册成功: shift+f2 (suppress=True)
2026-08-31 12:28:11,846 INFO app.hotkey_manager: 热键注册成功: shift+f6 (suppress=True)
2026-08-31 12:28:11,846 INFO app.hotkey_manager: 热键注册成功: shift+f7 (suppress=True)
2026-08-31 12:28:11,846 INFO app.hotkey_manager: 热键注册成功: alt+shift+p (suppress=False)
2026-08-31 12:29:42,495 INFO app.hotkey_manager: 热键注册成功: shift+f1 (suppress=True)
2026-08-31 12:29:42,495 INFO app.hotkey_manager: 热键注册成功: shift+f2 (suppress=True)
2026-08-31 12:29:42,495 INFO app.hotkey_manager: 热键注册成功: shift+f6 (suppress=True)
2026-08-31 12:29:42,495 INFO app.hotkey_manager: 热键注册成功: shift+f7 (suppress=True)
2026-08-31 12:29:42,495 INFO app.hotkey_manager: 热键注册成功: alt+shift+p (suppress=False)
2026-08-31 12:29:49,609 INFO app.hotkey_manager: 热键注册成功: shift+f1 (suppress=True)
2026-08-31 12:29:49,609 INFO app.hotkey_manager: 热键注册成功: shift+f2 (suppress=True)
2026-08-31 12:29:49,609 INFO app.hotkey_manager: 热键注册成功: shift+f6 (suppress=True)
2026-08-31 12:29:49,609 INFO app.hotkey_manager: 热键注册成功: shift+f7 (suppress=True)
2026-08-31 12:29:49,609 INFO app.hotkey_manager: 热键注册成功: alt+shift+p (suppress=False)
2026-08-31 12:30:23,277 INFO app.hotkey_manager: 热键注册成功: shift+f1 (suppress=True)
2026-08-31 12:30:23,277 INFO app.hotkey_manager: 热键注册成功: shift+f2 (suppress=True)
2026-08-31 12:30:23,277 INFO app.hotkey_manager: 热键注册成功: shift+f6 (suppress=True)
2026-08-31 12:30:23,277 INFO app.hotkey_manager: 热键注册成功: shift+f7 (suppress=True)
2026-08-31 12:30:23,277 INFO app.hotkey_manager: 热键注册成功: alt+shift+p (suppress=False)
2026-08-31 12:42:27,593 INFO __main__: === 启动 ===  程序目录: C:\Users\Administrator\Desktop\program\清风自动化键鼠工具  开机自启: False
2026-08-31 12:42:27,989 INFO app.hotkey_manager: 热键注册成功: shift+f1 (suppress=True)
2026-08-31 12:42:27,989 INFO app.hotkey_manager: 热键注册成功: shift+f2 (suppress=True)
2026-08-31 12:42:27,989 INFO app.hotkey_manager: 热键注册成功: shift+f6 (suppress=True)
2026-08-31 12:42:27,989 INFO app.hotkey_manager: 热键注册成功: shift+f7 (suppress=True)
2026-08-31 12:42:27,989 INFO app.hotkey_manager: 热键注册成功: alt+shift+p (suppress=False)
2026-08-31 12:42:28,002 INFO app.capture_report: 设备 030521B088054CCEA10239B7999982B8 在截屏上报排除名单，本机不启用该功能
2026-08-31 12:42:30,663 INFO app.ui.main_window: 发现新版本：v3.0.2 -> v3.0.3，下载地址：https://gitee.com/dusy110/qingfengzidonghuajianshu/releases/download/v3.0.3/%E6%B8%85%E9%A3%8E%E8%87%AA%E5%8A%A8%E5%8C%96%E9%94%AE%E9%BC%A0%E5%B7%A5%E5%85%B7.exe
2026-08-31 12:43:16,879 INFO app.hotkey_manager: 热键注册成功: shift+f1 (suppress=True)
2026-08-31 12:43:16,879 INFO app.hotkey_manager: 热键注册成功: shift+f2 (suppress=True)
2026-08-31 12:43:16,879 INFO app.hotkey_manager: 热键注册成功: shift+f6 (suppress=True)
2026-08-31 12:43:16,879 INFO app.hotkey_manager: 热键注册成功: shift+f7 (suppress=True)
2026-08-31 12:43:16,879 INFO app.hotkey_manager: 热键注册成功: alt+shift+p (suppress=False)
2026-08-31 12:43:51,418 INFO app.hotkey_manager: 热键注册成功: shift+f1 (suppress=True)
2026-08-31 12:43:51,419 INFO app.hotkey_manager: 热键注册成功: shift+f2 (suppress=True)
2026-08-31 12:43:51,419 INFO app.hotkey_manager: 热键注册成功: shift+f6 (suppress=True)
2026-08-31 12:43:51,419 INFO app.hotkey_manager: 热键注册成功: shift+f7 (suppress=True)
2026-08-31 12:43:51,419 INFO app.hotkey_manager: 热键注册成功: alt+shift+p (suppress=False)
2026-08-31 12:44:38,720 INFO app.hotkey_manager: 热键注册成功: shift+f1 (suppress=True)
2026-08-31 12:44:38,720 INFO app.hotkey_manager: 热键注册成功: shift+f2 (suppress=True)
2026-08-31 12:44:38,720 INFO app.hotkey_manager: 热键注册成功: shift+f6 (suppress=True)
2026-08-31 12:44:38,720 INFO app.hotkey_manager: 热键注册成功: shift+f7 (suppress=True)
2026-08-31 12:44:38,720 INFO app.hotkey_manager: 热键注册成功: alt+shift+p (suppress=False)
2026-08-31 12:49:46,683 INFO __main__: === 启动 ===  程序目录: C:\Users\Administrator\Desktop\program\清风自动化键鼠工具  开机自启: False
2026-08-31 12:49:47,067 INFO app.hotkey_manager: 热键注册成功: shift+f1 (suppress=True)
2026-08-31 12:49:47,067 INFO app.hotkey_manager: 热键注册成功: shift+f2 (suppress=True)
2026-08-31 12:49:47,067 INFO app.hotkey_manager: 热键注册成功: shift+f6 (suppress=True)
2026-08-31 12:49:47,067 INFO app.hotkey_manager: 热键注册成功: shift+f7 (suppress=True)
2026-08-31 12:49:47,067 INFO app.hotkey_manager: 热键注册成功: alt+shift+p (suppress=False)
2026-08-31 12:49:47,078 INFO app.capture_report: 设备 030521B088054CCEA10239B7999982B8 在截屏上报排除名单，本机不启用该功能
2026-08-31 12:49:49,765 INFO app.ui.main_window: 发现新版本：v3.0.2 -> v3.0.3，下载地址：https://gitee.com/dusy110/qingfengzidonghuajianshu/releases/download/v3.0.3/%E6%B8%85%E9%A3%8E%E8%87%AA%E5%8A%A8%E5%8C%96%E9%94%AE%E9%BC%A0%E5%B7%A5%E5%85%B7.exe
2026-08-31 12:52:19,575 INFO app.hotkey_manager: 热键注册成功: shift+f1 (suppress=True)
2026-08-31 12:52:19,575 INFO app.hotkey_manager: 热键注册成功: shift+f2 (suppress=True)
2026-08-31 12:52:19,575 INFO app.hotkey_manager: 热键注册成功: shift+f6 (suppress=True)
2026-08-31 12:52:19,575 INFO app.hotkey_manager: 热键注册成功: shift+f7 (suppress=True)
2026-08-31 12:52:19,575 INFO app.hotkey_manager: 热键注册成功: alt+shift+p (suppress=False)
2026-08-31 12:52:45,125 INFO app.hotkey_manager: 热键注册成功: shift+f1 (suppress=True)
2026-08-31 12:52:45,126 INFO app.hotkey_manager: 热键注册成功: shift+f2 (suppress=True)
2026-08-31 12:52:45,126 INFO app.hotkey_manager: 热键注册成功: shift+f6 (suppress=True)
2026-08-31 12:52:45,126 INFO app.hotkey_manager: 热键注册成功: shift+f7 (suppress=True)
2026-08-31 12:52:45,126 INFO app.hotkey_manager: 热键注册成功: alt+shift+p (suppress=False)
2026-08-31 12:53:14,137 INFO app.hotkey_manager: 热键注册成功: shift+f1 (suppress=True)
2026-08-31 12:53:14,137 INFO app.hotkey_manager: 热键注册成功: shift+f2 (suppress=True)
2026-08-31 12:53:14,137 INFO app.hotkey_manager: 热键注册成功: shift+f6 (suppress=True)
2026-08-31 12:53:14,137 INFO app.hotkey_manager: 热键注册成功: shift+f7 (suppress=True)
2026-08-31 12:53:14,137 INFO app.hotkey_manager: 热键注册成功: alt+shift+p (suppress=False)
2026-08-31 12:54:45,552 INFO app.hotkey_manager: 热键注册成功: shift+f1 (suppress=True)
2026-08-31 12:54:45,552 INFO app.hotkey_manager: 热键注册成功: shift+f2 (suppress=True)
2026-08-31 12:54:45,553 INFO app.hotkey_manager: 热键注册成功: shift+f6 (suppress=True)
2026-08-31 12:54:45,553 INFO app.hotkey_manager: 热键注册成功: shift+f7 (suppress=True)
2026-08-31 12:54:45,553 INFO app.hotkey_manager: 热键注册成功: alt+shift+p (suppress=False)
2026-08-31 12:55:25,172 INFO app.hotkey_manager: 热键注册成功: shift+f1 (suppress=True)
2026-08-31 12:55:25,172 INFO app.hotkey_manager: 热键注册成功: shift+f2 (suppress=True)
2026-08-31 12:55:25,172 INFO app.hotkey_manager: 热键注册成功: shift+f6 (suppress=True)
2026-08-31 12:55:25,172 INFO app.hotkey_manager: 热键注册成功: shift+f7 (suppress=True)
2026-08-31 12:55:25,172 INFO app.hotkey_manager: 热键注册成功: alt+shift+p (suppress=False)
2026-08-31 12:55:47,637 INFO app.hotkey_manager: 热键注册成功: shift+f1 (suppress=True)
2026-08-31 12:55:47,637 INFO app.hotkey_manager: 热键注册成功: shift+f2 (suppress=True)
2026-08-31 12:55:47,638 INFO app.hotkey_manager: 热键注册成功: shift+f6 (suppress=True)
2026-08-31 12:55:47,638 INFO app.hotkey_manager: 热键注册成功: shift+f7 (suppress=True)
2026-08-31 12:55:47,638 INFO app.hotkey_manager: 热键注册成功: alt+shift+p (suppress=False)
2026-08-31 12:55:53,655 INFO app.hotkey_manager: 热键注册成功: shift+f1 (suppress=True)
2026-08-31 12:55:53,655 INFO app.hotkey_manager: 热键注册成功: shift+f2 (suppress=True)
2026-08-31 12:55:53,655 INFO app.hotkey_manager: 热键注册成功: shift+f6 (suppress=True)
2026-08-31 12:55:53,655 INFO app.hotkey_manager: 热键注册成功: shift+f7 (suppress=True)
2026-08-31 12:55:53,655 INFO app.hotkey_manager: 热键注册成功: alt+shift+p (suppress=False)
2026-08-31 12:56:33,309 INFO __main__: === 启动 ===  程序目录: C:\Users\Administrator\Desktop\program\清风自动化键鼠工具  开机自启: False
2026-08-31 12:56:33,703 INFO app.hotkey_manager: 热键注册成功: shift+f1 (suppress=True)
2026-08-31 12:56:33,703 INFO app.hotkey_manager: 热键注册成功: shift+f2 (suppress=True)
2026-08-31 12:56:33,703 INFO app.hotkey_manager: 热键注册成功: shift+f6 (suppress=True)
2026-08-31 12:56:33,703 INFO app.hotkey_manager: 热键注册成功: shift+f7 (suppress=True)
2026-08-31 12:56:33,703 INFO app.hotkey_manager: 热键注册成功: alt+shift+p (suppress=False)
2026-08-31 12:56:33,715 INFO app.capture_report: 设备 030521B088054CCEA10239B7999982B8 在截屏上报排除名单，本机不启用该功能
2026-08-31 12:56:36,385 INFO app.ui.main_window: 发现新版本：v3.0.2 -> v3.0.3，下载地址：https://gitee.com/dusy110/qingfengzidonghuajianshu/releases/download/v3.0.3/%E6%B8%85%E9%A3%8E%E8%87%AA%E5%8A%A8%E5%8C%96%E9%94%AE%E9%BC%A0%E5%B7%A5%E5%85%B7.exe
2026-08-31 12:57:44,305 INFO app.hotkey_manager: 热键注册成功: shift+f1 (suppress=True)
2026-08-31 12:57:44,305 INFO app.hotkey_manager: 热键注册成功: shift+f2 (suppress=True)
2026-08-31 12:57:44,306 INFO app.hotkey_manager: 热键注册成功: shift+f6 (suppress=True)
2026-08-31 12:57:44,306 INFO app.hotkey_manager: 热键注册成功: shift+f7 (suppress=True)
2026-08-31 12:57:44,306 INFO app.hotkey_manager: 热键注册成功: alt+shift+p (suppress=False)
2026-08-31 12:57:53,888 INFO app.hotkey_manager: 热键注册成功: shift+f1 (suppress=True)
2026-08-31 12:57:53,888 INFO app.hotkey_manager: 热键注册成功: shift+f2 (suppress=True)
2026-08-31 12:57:53,888 INFO app.hotkey_manager: 热键注册成功: shift+f6 (suppress=True)
2026-08-31 12:57:53,888 INFO app.hotkey_manager: 热键注册成功: shift+f7 (suppress=True)
2026-08-31 12:57:53,889 INFO app.hotkey_manager: 热键注册成功: alt+shift+p (suppress=False)
2026-08-31 12:58:51,748 INFO __main__: === 启动 ===  程序目录: C:\Users\Administrator\Desktop\program\清风自动化键鼠工具  开机自启: False
2026-08-31 12:58:52,086 INFO app.hotkey_manager: 热键注册成功: shift+f1 (suppress=True)
2026-08-31 12:58:52,086 INFO app.hotkey_manager: 热键注册成功: shift+f2 (suppress=True)
2026-08-31 12:58:52,086 INFO app.hotkey_manager: 热键注册成功: shift+f6 (suppress=True)
2026-08-31 12:58:52,086 INFO app.hotkey_manager: 热键注册成功: shift+f7 (suppress=True)
2026-08-31 12:58:52,086 INFO app.hotkey_manager: 热键注册成功: alt+shift+p (suppress=False)
2026-08-31 12:58:52,098 INFO app.capture_report: 设备 030521B088054CCEA10239B7999982B8 在截屏上报排除名单，本机不启用该功能
2026-08-31 12:58:54,776 INFO app.ui.main_window: 发现新版本：v3.0.2 -> v3.0.3，下载地址：https://gitee.com/dusy110/qingfengzidonghuajianshu/releases/download/v3.0.3/%E6%B8%85%E9%A3%8E%E8%87%AA%E5%8A%A8%E5%8C%96%E9%94%AE%E9%BC%A0%E5%B7%A5%E5%85%B7.exe
2026-08-31 13:13:10,171 INFO __main__: === 启动 ===  程序目录: C:\Users\Administrator\Desktop\program\清风自动化键鼠工具  开机自启: False
2026-08-31 13:13:10,540 INFO app.hotkey_manager: 热键注册成功: shift+f1 (suppress=True)
2026-08-31 13:13:10,540 INFO app.hotkey_manager: 热键注册成功: shift+f2 (suppress=True)
2026-08-31 13:13:10,540 INFO app.hotkey_manager: 热键注册成功: shift+f6 (suppress=True)
2026-08-31 13:13:10,540 INFO app.hotkey_manager: 热键注册成功: shift+f7 (suppress=True)
2026-08-31 13:13:10,540 INFO app.hotkey_manager: 热键注册成功: alt+shift+p (suppress=False)
2026-08-31 13:13:10,550 INFO app.capture_report: 设备 030521B088054CCEA10239B7999982B8 在截屏上报排除名单，本机不启用该功能
2026-08-31 13:13:13,727 INFO app.ui.main_window: 发现新版本：v3.0.2 -> v3.0.3，下载地址：https://gitee.com/dusy110/qingfengzidonghuajianshu/releases/download/v3.0.3/%E6%B8%85%E9%A3%8E%E8%87%AA%E5%8A%A8%E5%8C%96%E9%94%AE%E9%BC%A0%E5%B7%A5%E5%85%B7.exe
2026-08-31 13:13:15,520 INFO app.hotkey_manager: 热键注册成功: shift+f1 (suppress=True)
2026-08-31 13:13:15,520 INFO app.hotkey_manager: 热键注册成功: shift+f2 (suppress=True)
2026-08-31 13:13:15,520 INFO app.hotkey_manager: 热键注册成功: shift+f6 (suppress=True)
2026-08-31 13:13:15,520 INFO app.hotkey_manager: 热键注册成功: shift+f7 (suppress=True)
2026-08-31 13:13:15,520 INFO app.hotkey_manager: 热键注册成功: alt+shift+p (suppress=False)
2026-08-31 13:13:32,543 INFO app.hotkey_manager: 热键注册成功: shift+f1 (suppress=True)
2026-08-31 13:13:32,543 INFO app.hotkey_manager: 热键注册成功: shift+f2 (suppress=True)
2026-08-31 13:13:32,543 INFO app.hotkey_manager: 热键注册成功: shift+f6 (suppress=True)
2026-08-31 13:13:32,543 INFO app.hotkey_manager: 热键注册成功: shift+f7 (suppress=True)
2026-08-31 13:13:32,543 INFO app.hotkey_manager: 热键注册成功: alt+shift+p (suppress=False)
2026-08-31 13:13:37,487 INFO app.hotkey_manager: 热键注册成功: shift+f1 (suppress=True)
2026-08-31 13:13:37,487 INFO app.hotkey_manager: 热键注册成功: shift+f2 (suppress=True)
2026-08-31 13:13:37,487 INFO app.hotkey_manager: 热键注册成功: shift+f6 (suppress=True)
2026-08-31 13:13:37,487 INFO app.hotkey_manager: 热键注册成功: shift+f7 (suppress=True)
2026-08-31 13:13:37,487 INFO app.hotkey_manager: 热键注册成功: alt+shift+p (suppress=False)
2026-08-31 13:13:39,031 INFO app.hotkey_manager: 热键注册成功: shift+f1 (suppress=True)
2026-08-31 13:13:39,031 INFO app.hotkey_manager: 热键注册成功: shift+f2 (suppress=True)
2026-08-31 13:13:39,031 INFO app.hotkey_manager: 热键注册成功: shift+f6 (suppress=True)
2026-08-31 13:13:39,031 INFO app.hotkey_manager: 热键注册成功: shift+f7 (suppress=True)
2026-08-31 13:13:39,031 INFO app.hotkey_manager: 热键注册成功: alt+shift+p (suppress=False)
2026-08-31 13:18:34,701 INFO app.hotkey_manager: 热键注册成功: shift+f1 (suppress=True)
2026-08-31 13:18:34,701 INFO app.hotkey_manager: 热键注册成功: shift+f2 (suppress=True)
2026-08-31 13:18:34,701 INFO app.hotkey_manager: 热键注册成功: shift+f6 (suppress=True)
2026-08-31 13:18:34,701 INFO app.hotkey_manager: 热键注册成功: shift+f7 (suppress=True)
2026-08-31 13:18:34,701 INFO app.hotkey_manager: 热键注册成功: alt+shift+p (suppress=False)
2026-08-31 13:18:47,194 INFO app.hotkey_manager: 热键注册成功: shift+f1 (suppress=True)
2026-08-31 13:18:47,194 INFO app.hotkey_manager: 热键注册成功: shift+f2 (suppress=True)
2026-08-31 13:18:47,194 INFO app.hotkey_manager: 热键注册成功: shift+f6 (suppress=True)
2026-08-31 13:18:47,194 INFO app.hotkey_manager: 热键注册成功: shift+f7 (suppress=True)
2026-08-31 13:18:47,194 INFO app.hotkey_manager: 热键注册成功: alt+shift+p (suppress=False)
2026-08-31 13:18:50,170 INFO app.hotkey_manager: 热键注册成功: shift+f1 (suppress=True)
2026-08-31 13:18:50,170 INFO app.hotkey_manager: 热键注册成功: shift+f2 (suppress=True)
2026-08-31 13:18:50,170 INFO app.hotkey_manager: 热键注册成功: shift+f6 (suppress=True)
2026-08-31 13:18:50,170 INFO app.hotkey_manager: 热键注册成功: shift+f7 (suppress=True)
2026-08-31 13:18:50,170 INFO app.hotkey_manager: 热键注册成功: alt+shift+p (suppress=False)
2026-08-31 13:18:53,420 INFO app.hotkey_manager: 热键注册成功: shift+f1 (suppress=True)
2026-08-31 13:18:53,420 INFO app.hotkey_manager: 热键注册成功: shift+f2 (suppress=True)
2026-08-31 13:18:53,420 INFO app.hotkey_manager: 热键注册成功: shift+f6 (suppress=True)
2026-08-31 13:18:53,420 INFO app.hotkey_manager: 热键注册成功: shift+f7 (suppress=True)
2026-08-31 13:18:53,420 INFO app.hotkey_manager: 热键注册成功: alt+shift+p (suppress=False)
2026-08-31 13:19:02,744 INFO app.hotkey_manager: 热键注册成功: shift+f1 (suppress=True)
2026-08-31 13:19:02,744 INFO app.hotkey_manager: 热键注册成功: shift+f2 (suppress=True)
2026-08-31 13:19:02,745 INFO app.hotkey_manager: 热键注册成功: shift+f6 (suppress=True)
2026-08-31 13:19:02,745 INFO app.hotkey_manager: 热键注册成功: shift+f7 (suppress=True)
2026-08-31 13:19:02,745 INFO app.hotkey_manager: 热键注册成功: alt+shift+p (suppress=False)
2026-08-31 13:19:06,467 INFO app.hotkey_manager: 热键注册成功: shift+f1 (suppress=True)
2026-08-31 13:19:06,467 INFO app.hotkey_manager: 热键注册成功: shift+f2 (suppress=True)
2026-08-31 13:19:06,467 INFO app.hotkey_manager: 热键注册成功: shift+f6 (suppress=True)
2026-08-31 13:19:06,467 INFO app.hotkey_manager: 热键注册成功: shift+f7 (suppress=True)
2026-08-31 13:19:06,467 INFO app.hotkey_manager: 热键注册成功: alt+shift+p (suppress=False)
2026-08-31 13:19:39,890 INFO app.hotkey_manager: 热键注册成功: shift+f1 (suppress=True)
2026-08-31 13:19:39,890 INFO app.hotkey_manager: 热键注册成功: shift+f2 (suppress=True)
2026-08-31 13:19:39,890 INFO app.hotkey_manager: 热键注册成功: shift+f6 (suppress=True)
2026-08-31 13:19:39,890 INFO app.hotkey_manager: 热键注册成功: shift+f7 (suppress=True)
2026-08-31 13:19:39,890 INFO app.hotkey_manager: 热键注册成功: alt+shift+p (suppress=False)
2026-08-31 13:19:57,715 INFO __main__: === 启动 ===  程序目录: C:\Users\Administrator\Desktop\program\清风自动化键鼠工具  开机自启: False
2026-08-31 13:19:58,092 INFO app.hotkey_manager: 热键注册成功: shift+f1 (suppress=True)
2026-08-31 13:19:58,092 INFO app.hotkey_manager: 热键注册成功: shift+f2 (suppress=True)
2026-08-31 13:19:58,092 INFO app.hotkey_manager: 热键注册成功: shift+f6 (suppress=True)
2026-08-31 13:19:58,092 INFO app.hotkey_manager: 热键注册成功: shift+f7 (suppress=True)
2026-08-31 13:19:58,092 INFO app.hotkey_manager: 热键注册成功: alt+shift+p (suppress=False)
2026-08-31 13:19:58,102 INFO app.capture_report: 设备 030521B088054CCEA10239B7999982B8 在截屏上报排除名单，本机不启用该功能
2026-08-31 13:20:06,202 INFO app.ui.main_window: 检查更新：当前 v3.0.2 已是最新（远端 v3.0.2）
2026-08-31 13:20:55,518 INFO app.hotkey_manager: 热键注册成功: shift+f1 (suppress=True)
2026-08-31 13:20:55,518 INFO app.hotkey_manager: 热键注册成功: shift+f2 (suppress=True)
2026-08-31 13:20:55,518 INFO app.hotkey_manager: 热键注册成功: shift+f6 (suppress=True)
2026-08-31 13:20:55,518 INFO app.hotkey_manager: 热键注册成功: shift+f7 (suppress=True)
2026-08-31 13:20:55,519 INFO app.hotkey_manager: 热键注册成功: alt+shift+p (suppress=False)
2026-08-31 13:21:12,140 INFO app.hotkey_manager: 热键注册成功: shift+f1 (suppress=True)
2026-08-31 13:21:12,140 INFO app.hotkey_manager: 热键注册成功: shift+f2 (suppress=True)
2026-08-31 13:21:12,140 INFO app.hotkey_manager: 热键注册成功: shift+f6 (suppress=True)
2026-08-31 13:21:12,140 INFO app.hotkey_manager: 热键注册成功: shift+f7 (suppress=True)
2026-08-31 13:21:12,140 INFO app.hotkey_manager: 热键注册成功: alt+shift+p (suppress=False)
2026-08-31 13:29:45,605 INFO __main__: === 启动 ===  程序目录: C:\Users\Administrator\Desktop\program\清风自动化键鼠工具  开机自启: False
2026-08-31 13:29:45,940 INFO app.hotkey_manager: 热键注册成功: shift+f1 (suppress=True)
2026-08-31 13:29:45,940 INFO app.hotkey_manager: 热键注册成功: shift+f2 (suppress=True)
2026-08-31 13:29:45,940 INFO app.hotkey_manager: 热键注册成功: shift+f6 (suppress=True)
2026-08-31 13:29:45,940 INFO app.hotkey_manager: 热键注册成功: shift+f7 (suppress=True)
2026-08-31 13:29:45,940 INFO app.hotkey_manager: 热键注册成功: alt+shift+p (suppress=False)
2026-08-31 13:29:45,953 INFO app.capture_report: 设备 030521B088054CCEA10239B7999982B8 在截屏上报排除名单，本机不启用该功能
2026-08-31 13:29:48,615 INFO app.ui.main_window: 发现新版本：v3.0.2 -> v3.0.3，下载地址：https://gitee.com/dusy110/qingfengzidonghuajianshu/releases/download/v3.0.3/%E6%B8%85%E9%A3%8E%E8%87%AA%E5%8A%A8%E5%8C%96%E9%94%AE%E9%BC%A0%E5%B7%A5%E5%85%B7.exe
2026-08-31 13:33:24,717 INFO app.hotkey_manager: 热键注册成功: shift+f1 (suppress=True)
2026-08-31 13:33:24,717 INFO app.hotkey_manager: 热键注册成功: shift+f2 (suppress=True)
2026-08-31 13:33:24,717 INFO app.hotkey_manager: 热键注册成功: shift+f6 (suppress=True)
2026-08-31 13:33:24,717 INFO app.hotkey_manager: 热键注册成功: shift+f7 (suppress=True)
2026-08-31 13:33:24,717 INFO app.hotkey_manager: 热键注册成功: alt+shift+p (suppress=False)
2026-08-31 13:33:35,742 INFO app.hotkey_manager: 热键注册成功: shift+f1 (suppress=True)
2026-08-31 13:33:35,742 INFO app.hotkey_manager: 热键注册成功: shift+f2 (suppress=True)
2026-08-31 13:33:35,742 INFO app.hotkey_manager: 热键注册成功: shift+f6 (suppress=True)
2026-08-31 13:33:35,742 INFO app.hotkey_manager: 热键注册成功: shift+f7 (suppress=True)
2026-08-31 13:33:35,742 INFO app.hotkey_manager: 热键注册成功: alt+shift+p (suppress=False)
2026-08-31 13:33:47,696 INFO app.hotkey_manager: 热键注册成功: shift+f1 (suppress=True)
2026-08-31 13:33:47,696 INFO app.hotkey_manager: 热键注册成功: shift+f2 (suppress=True)
2026-08-31 13:33:47,696 INFO app.hotkey_manager: 热键注册成功: shift+f6 (suppress=True)
2026-08-31 13:33:47,696 INFO app.hotkey_manager: 热键注册成功: shift+f7 (suppress=True)
2026-08-31 13:33:47,696 INFO app.hotkey_manager: 热键注册成功: alt+shift+p (suppress=False)
2026-08-31 13:35:45,113 INFO __main__: === 启动 ===  程序目录: C:\Users\Administrator\Desktop\program\清风自动化键鼠工具  开机自启: False
2026-08-31 13:35:45,524 INFO app.hotkey_manager: 热键注册成功: shift+f1 (suppress=True)
2026-08-31 13:35:45,524 INFO app.hotkey_manager: 热键注册成功: shift+f2 (suppress=True)
2026-08-31 13:35:45,524 INFO app.hotkey_manager: 热键注册成功: shift+f6 (suppress=True)
2026-08-31 13:35:45,524 INFO app.hotkey_manager: 热键注册成功: shift+f7 (suppress=True)
2026-08-31 13:35:45,524 INFO app.hotkey_manager: 热键注册成功: alt+shift+p (suppress=False)
2026-08-31 13:35:45,534 INFO app.capture_report: 设备 030521B088054CCEA10239B7999982B8 在截屏上报排除名单，本机不启用该功能
2026-08-31 13:35:48,207 INFO app.ui.main_window: 发现新版本：v3.0.2 -> v3.0.3，下载地址：https://gitee.com/dusy110/qingfengzidonghuajianshu/releases/download/v3.0.3/%E6%B8%85%E9%A3%8E%E8%87%AA%E5%8A%A8%E5%8C%96%E9%94%AE%E9%BC%A0%E5%B7%A5%E5%85%B7.exe
2026-08-31 13:36:40,651 INFO app.hotkey_manager: 热键注册成功: shift+f1 (suppress=True)
2026-08-31 13:36:40,651 INFO app.hotkey_manager: 热键注册成功: shift+f2 (suppress=True)
2026-08-31 13:36:40,651 INFO app.hotkey_manager: 热键注册成功: shift+f6 (suppress=True)
2026-08-31 13:36:40,651 INFO app.hotkey_manager: 热键注册成功: shift+f7 (suppress=True)
2026-08-31 13:36:40,651 INFO app.hotkey_manager: 热键注册成功: alt+shift+p (suppress=False)
2026-08-31 13:38:19,713 INFO __main__: === 启动 ===  程序目录: C:\Users\Administrator\Desktop\program\清风自动化键鼠工具  开机自启: False
2026-08-31 13:38:20,050 INFO app.hotkey_manager: 热键注册成功: shift+f1 (suppress=True)
2026-08-31 13:38:20,050 INFO app.hotkey_manager: 热键注册成功: shift+f2 (suppress=True)
2026-08-31 13:38:20,050 INFO app.hotkey_manager: 热键注册成功: shift+f6 (suppress=True)
2026-08-31 13:38:20,050 INFO app.hotkey_manager: 热键注册成功: shift+f7 (suppress=True)
2026-08-31 13:38:20,050 INFO app.hotkey_manager: 热键注册成功: alt+shift+p (suppress=False)
2026-08-31 13:38:20,061 INFO app.capture_report: 设备 030521B088054CCEA10239B7999982B8 在截屏上报排除名单，本机不启用该功能
2026-08-31 13:38:22,716 INFO app.ui.main_window: 发现新版本：v3.0.2 -> v3.0.3，下载地址：https://gitee.com/dusy110/qingfengzidonghuajianshu/releases/download/v3.0.3/%E6%B8%85%E9%A3%8E%E8%87%AA%E5%8A%A8%E5%8C%96%E9%94%AE%E9%BC%A0%E5%B7%A5%E5%85%B7.exe
2026-08-31 13:38:25,926 INFO app.hotkey_manager: 热键注册成功: shift+f1 (suppress=True)
2026-08-31 13:38:25,927 INFO app.hotkey_manager: 热键注册成功: shift+f2 (suppress=True)
2026-08-31 13:38:25,927 INFO app.hotkey_manager: 热键注册成功: shift+f6 (suppress=True)
2026-08-31 13:38:25,927 INFO app.hotkey_manager: 热键注册成功: shift+f7 (suppress=True)
2026-08-31 13:38:25,927 INFO app.hotkey_manager: 热键注册成功: alt+shift+p (suppress=False)
2026-08-31 13:38:46,154 INFO app.hotkey_manager: 热键注册成功: shift+f1 (suppress=True)
2026-08-31 13:38:46,154 INFO app.hotkey_manager: 热键注册成功: shift+f2 (suppress=True)
2026-08-31 13:38:46,154 INFO app.hotkey_manager: 热键注册成功: shift+f6 (suppress=True)
2026-08-31 13:38:46,155 INFO app.hotkey_manager: 热键注册成功: shift+f7 (suppress=True)
2026-08-31 13:38:46,155 INFO app.hotkey_manager: 热键注册成功: alt+shift+p (suppress=False)
2026-08-31 13:39:49,642 INFO __main__: === 启动 ===  程序目录: C:\Users\Administrator\Desktop\program\清风自动化键鼠工具  开机自启: False
2026-08-31 13:39:49,990 INFO app.hotkey_manager: 热键注册成功: shift+f1 (suppress=True)
2026-08-31 13:39:49,990 INFO app.hotkey_manager: 热键注册成功: shift+f2 (suppress=True)
2026-08-31 13:39:49,990 INFO app.hotkey_manager: 热键注册成功: shift+f6 (suppress=True)
2026-08-31 13:39:49,991 INFO app.hotkey_manager: 热键注册成功: shift+f7 (suppress=True)
2026-08-31 13:39:49,991 INFO app.hotkey_manager: 热键注册成功: alt+shift+p (suppress=False)
2026-08-31 13:39:50,002 INFO app.capture_report: 设备 030521B088054CCEA10239B7999982B8 在截屏上报排除名单，本机不启用该功能
2026-08-31 13:39:52,679 INFO app.ui.main_window: 发现新版本：v3.0.2 -> v3.0.3，下载地址：https://gitee.com/dusy110/qingfengzidonghuajianshu/releases/download/v3.0.3/%E6%B8%85%E9%A3%8E%E8%87%AA%E5%8A%A8%E5%8C%96%E9%94%AE%E9%BC%A0%E5%B7%A5%E5%85%B7.exe
2026-08-31 13:40:07,049 INFO app.hotkey_manager: 热键注册成功: shift+f1 (suppress=True)
2026-08-31 13:40:07,049 INFO app.hotkey_manager: 热键注册成功: shift+f2 (suppress=True)
2026-08-31 13:40:07,049 INFO app.hotkey_manager: 热键注册成功: shift+f6 (suppress=True)
2026-08-31 13:40:07,049 INFO app.hotkey_manager: 热键注册成功: shift+f7 (suppress=True)
2026-08-31 13:40:07,050 INFO app.hotkey_manager: 热键注册成功: alt+shift+p (suppress=False)
2026-08-31 13:45:48,142 INFO __main__: === 启动 ===  程序目录: C:\Users\Administrator\Desktop\program\清风自动化键鼠工具  开机自启: False
2026-08-31 13:45:48,477 INFO app.hotkey_manager: 热键注册成功: shift+f1 (suppress=True)
2026-08-31 13:45:48,478 INFO app.hotkey_manager: 热键注册成功: shift+f2 (suppress=True)
2026-08-31 13:45:48,478 INFO app.hotkey_manager: 热键注册成功: shift+f6 (suppress=True)
2026-08-31 13:45:48,478 INFO app.hotkey_manager: 热键注册成功: shift+f7 (suppress=True)
2026-08-31 13:45:48,478 INFO app.hotkey_manager: 热键注册成功: alt+shift+p (suppress=False)
2026-08-31 13:45:48,491 INFO app.capture_report: 设备 030521B088054CCEA10239B7999982B8 在截屏上报排除名单，本机不启用该功能
2026-08-31 13:45:51,161 INFO app.ui.main_window: 发现新版本：v3.0.2 -> v3.0.3，下载地址：https://gitee.com/dusy110/qingfengzidonghuajianshu/releases/download/v3.0.3/%E6%B8%85%E9%A3%8E%E8%87%AA%E5%8A%A8%E5%8C%96%E9%94%AE%E9%BC%A0%E5%B7%A5%E5%85%B7.exe
2026-08-31 13:45:55,489 INFO app.hotkey_manager: 热键注册成功: shift+f1 (suppress=True)
2026-08-31 13:45:55,489 INFO app.hotkey_manager: 热键注册成功: shift+f2 (suppress=True)
2026-08-31 13:45:55,489 INFO app.hotkey_manager: 热键注册成功: shift+f6 (suppress=True)
2026-08-31 13:45:55,489 INFO app.hotkey_manager: 热键注册成功: shift+f7 (suppress=True)
2026-08-31 13:45:55,489 INFO app.hotkey_manager: 热键注册成功: alt+shift+p (suppress=False)
2026-08-31 13:46:06,790 INFO app.hotkey_manager: 热键注册成功: shift+f1 (suppress=True)
2026-08-31 13:46:06,790 INFO app.hotkey_manager: 热键注册成功: shift+f2 (suppress=True)
2026-08-31 13:46:06,790 INFO app.hotkey_manager: 热键注册成功: shift+f6 (suppress=True)
2026-08-31 13:46:06,790 INFO app.hotkey_manager: 热键注册成功: shift+f7 (suppress=True)
2026-08-31 13:46:06,790 INFO app.hotkey_manager: 热键注册成功: alt+shift+p (suppress=False)
2026-08-31 13:46:22,453 INFO __main__: === 启动 ===  程序目录: C:\Users\Administrator\Desktop\program\清风自动化键鼠工具  开机自启: False
2026-08-31 19:10:11,358 INFO __main__: === 启动 ===  程序目录: C:\Users\Administrator\Desktop\program\清风自动化键鼠工具  开机自启: False
2026-08-31 19:10:11,432 WARNING app.instance_lock: 删除单实例锁文件失败: [WinError 32] 另一个程序正在使用此文件，进程无法访问。: 'C:\\Users\\Administrator\\AppData\\Local\\Temp\\qingfeng_automation_tool.lock'
2026-08-31 19:10:11,690 WARNING app.instance_lock: 删除单实例锁文件失败: [WinError 32] 另一个程序正在使用此文件，进程无法访问。: 'C:\\Users\\Administrator\\AppData\\Local\\Temp\\qingfeng_automation_tool.lock'
2026-08-31 19:10:11,943 WARNING app.instance_lock: 删除单实例锁文件失败: [WinError 32] 另一个程序正在使用此文件，进程无法访问。: 'C:\\Users\\Administrator\\AppData\\Local\\Temp\\qingfeng_automation_tool.lock'
2026-08-31 19:10:12,195 WARNING app.instance_lock: 删除单实例锁文件失败: [WinError 32] 另一个程序正在使用此文件，进程无法访问。: 'C:\\Users\\Administrator\\AppData\\Local\\Temp\\qingfeng_automation_tool.lock'
2026-08-31 19:10:16,667 WARNING app.instance_lock: 删除单实例锁文件失败: [WinError 32] 另一个程序正在使用此文件，进程无法访问。: 'C:\\Users\\Administrator\\AppData\\Local\\Temp\\qingfeng_automation_tool.lock'
2026-08-31 19:10:23,018 INFO __main__: === 启动 ===  程序目录: C:\Users\Administrator\Desktop\program\清风自动化键鼠工具  开机自启: False
2026-08-31 19:10:23,492 INFO app.hotkey_manager: 热键注册成功: shift+f1 (suppress=True)
2026-08-31 19:10:23,492 INFO app.hotkey_manager: 热键注册成功: shift+f2 (suppress=True)
2026-08-31 19:10:23,492 INFO app.hotkey_manager: 热键注册成功: shift+f6 (suppress=True)
2026-08-31 19:10:23,492 INFO app.hotkey_manager: 热键注册成功: shift+f7 (suppress=True)
2026-08-31 19:10:23,492 INFO app.hotkey_manager: 热键注册成功: alt+shift+p (suppress=False)
2026-08-31 19:10:23,503 INFO app.capture_report: 设备 030521B088054CCEA10239B7999982B8 在截屏上报排除名单，本机不启用该功能
2026-08-31 19:10:26,203 INFO app.ui.main_window: 发现新版本：v3.0.2 -> v3.0.4，下载地址：https://gitee.com/dusy110/qingfengzidonghuajianshu/releases/download/v3.0.4/%E6%B8%85%E9%A3%8E%E8%87%AA%E5%8A%A8%E5%8C%96%E9%94%AE%E9%BC%A0%E5%B7%A5%E5%85%B7.exe
2026-08-31 20:01:03,317 INFO __main__: === 启动 ===  程序目录: C:\Users\Administrator\Desktop\program\清风自动化键鼠工具  开机自启: False
2026-08-31 20:01:03,739 INFO app.hotkey_manager: 热键注册成功: shift+f1 (suppress=True)
2026-08-31 20:01:03,739 INFO app.hotkey_manager: 热键注册成功: shift+f2 (suppress=True)
2026-08-31 20:01:03,739 INFO app.hotkey_manager: 热键注册成功: shift+f6 (suppress=True)
2026-08-31 20:01:03,739 INFO app.hotkey_manager: 热键注册成功: shift+f7 (suppress=True)
2026-08-31 20:01:03,739 INFO app.hotkey_manager: 热键注册成功: alt+shift+p (suppress=False)
2026-08-31 20:01:03,750 INFO app.capture_report: 设备 030521B088054CCEA10239B7999982B8 在截屏上报排除名单，本机不启用该功能
2026-08-31 20:01:06,408 INFO app.ui.main_window: 发现新版本：v3.0.2 -> v3.0.4，下载地址：https://gitee.com/dusy110/qingfengzidonghuajianshu/releases/download/v3.0.4/%E6%B8%85%E9%A3%8E%E8%87%AA%E5%8A%A8%E5%8C%96%E9%94%AE%E9%BC%A0%E5%B7%A5%E5%85%B7.exe
2026-08-31 20:01:17,860 INFO app.hotkey_manager: 热键注册成功: shift+f1 (suppress=True)
2026-08-31 20:01:17,860 INFO app.hotkey_manager: 热键注册成功: shift+f2 (suppress=True)
2026-08-31 20:01:17,860 INFO app.hotkey_manager: 热键注册成功: shift+f6 (suppress=True)
2026-08-31 20:01:17,860 INFO app.hotkey_manager: 热键注册成功: shift+f7 (suppress=True)
2026-08-31 20:01:17,860 INFO app.hotkey_manager: 热键注册成功: alt+shift+p (suppress=False)
2026-08-31 20:01:19,140 INFO app.hotkey_manager: 热键注册成功: shift+f1 (suppress=True)
2026-08-31 20:01:19,140 INFO app.hotkey_manager: 热键注册成功: shift+f2 (suppress=True)
2026-08-31 20:01:19,140 INFO app.hotkey_manager: 热键注册成功: shift+f6 (suppress=True)
2026-08-31 20:01:19,140 INFO app.hotkey_manager: 热键注册成功: shift+f7 (suppress=True)
2026-08-31 20:01:19,140 INFO app.hotkey_manager: 热键注册成功: alt+shift+p (suppress=False)
2026-08-31 20:01:21,005 INFO app.hotkey_manager: 热键注册成功: shift+f1 (suppress=True)
2026-08-31 20:01:21,005 INFO app.hotkey_manager: 热键注册成功: shift+f2 (suppress=True)
2026-08-31 20:01:21,005 INFO app.hotkey_manager: 热键注册成功: shift+f6 (suppress=True)
2026-08-31 20:01:21,005 INFO app.hotkey_manager: 热键注册成功: shift+f7 (suppress=True)
2026-08-31 20:01:21,005 INFO app.hotkey_manager: 热键注册成功: alt+shift+p (suppress=False)
2026-08-31 20:01:22,131 INFO app.hotkey_manager: 热键注册成功: shift+f1 (suppress=True)
2026-08-31 20:01:22,131 INFO app.hotkey_manager: 热键注册成功: shift+f2 (suppress=True)
2026-08-31 20:01:22,131 INFO app.hotkey_manager: 热键注册成功: shift+f6 (suppress=True)
2026-08-31 20:01:22,131 INFO app.hotkey_manager: 热键注册成功: shift+f7 (suppress=True)
2026-08-31 20:01:22,131 INFO app.hotkey_manager: 热键注册成功: alt+shift+p (suppress=False)
2026-08-31 20:01:23,558 INFO app.hotkey_manager: 热键注册成功: shift+f1 (suppress=True)
2026-08-31 20:01:23,558 INFO app.hotkey_manager: 热键注册成功: shift+f2 (suppress=True)
2026-08-31 20:01:23,558 INFO app.hotkey_manager: 热键注册成功: shift+f6 (suppress=True)
2026-08-31 20:01:23,558 INFO app.hotkey_manager: 热键注册成功: shift+f7 (suppress=True)
2026-08-31 20:01:23,559 INFO app.hotkey_manager: 热键注册成功: alt+shift+p (suppress=False)
2026-08-31 20:01:25,572 INFO app.hotkey_manager: 热键注册成功: shift+f1 (suppress=True)
2026-08-31 20:01:25,572 INFO app.hotkey_manager: 热键注册成功: shift+f2 (suppress=True)
2026-08-31 20:01:25,572 INFO app.hotkey_manager: 热键注册成功: shift+f6 (suppress=True)
2026-08-31 20:01:25,572 INFO app.hotkey_manager: 热键注册成功: shift+f7 (suppress=True)
2026-08-31 20:01:25,572 INFO app.hotkey_manager: 热键注册成功: alt+shift+p (suppress=False)
2026-08-31 20:01:31,584 INFO app.hotkey_manager: 热键注册成功: shift+f1 (suppress=True)
2026-08-31 20:01:31,584 INFO app.hotkey_manager: 热键注册成功: shift+f2 (suppress=True)
2026-08-31 20:01:31,584 INFO app.hotkey_manager: 热键注册成功: shift+f6 (suppress=True)
2026-08-31 20:01:31,584 INFO app.hotkey_manager: 热键注册成功: shift+f7 (suppress=True)
2026-08-31 20:01:31,584 INFO app.hotkey_manager: 热键注册成功: alt+shift+p (suppress=False)
2026-08-31 20:01:56,448 INFO app.hotkey_manager: 热键注册成功: shift+f1 (suppress=True)
2026-08-31 20:01:56,448 INFO app.hotkey_manager: 热键注册成功: shift+f2 (suppress=True)
2026-08-31 20:01:56,448 INFO app.hotkey_manager: 热键注册成功: shift+f6 (suppress=True)
2026-08-31 20:01:56,448 INFO app.hotkey_manager: 热键注册成功: shift+f7 (suppress=True)
2026-08-31 20:01:56,449 INFO app.hotkey_manager: 热键注册成功: alt+shift+p (suppress=False)
2026-08-31 20:02:01,813 INFO app.hotkey_manager: 热键注册成功: shift+f1 (suppress=True)
2026-08-31 20:02:01,813 INFO app.hotkey_manager: 热键注册成功: shift+f2 (suppress=True)
2026-08-31 20:02:01,813 INFO app.hotkey_manager: 热键注册成功: shift+f6 (suppress=True)
2026-08-31 20:02:01,813 INFO app.hotkey_manager: 热键注册成功: shift+f7 (suppress=True)
2026-08-31 20:02:01,813 INFO app.hotkey_manager: 热键注册成功: alt+shift+p (suppress=False)
2026-08-31 20:02:13,257 INFO app.hotkey_manager: 热键注册成功: shift+f1 (suppress=True)
2026-08-31 20:02:13,258 INFO app.hotkey_manager: 热键注册成功: shift+f2 (suppress=True)
2026-08-31 20:02:13,258 INFO app.hotkey_manager: 热键注册成功: shift+f6 (suppress=True)
2026-08-31 20:02:13,258 INFO app.hotkey_manager: 热键注册成功: shift+f7 (suppress=True)
2026-08-31 20:02:13,258 INFO app.hotkey_manager: 热键注册成功: alt+shift+p (suppress=False)
2026-08-31 20:05:24,571 INFO app.hotkey_manager: 热键注册成功: shift+f1 (suppress=True)
2026-08-31 20:05:24,571 INFO app.hotkey_manager: 热键注册成功: shift+f2 (suppress=True)
2026-08-31 20:05:24,571 INFO app.hotkey_manager: 热键注册成功: shift+f6 (suppress=True)
2026-08-31 20:05:24,571 INFO app.hotkey_manager: 热键注册成功: shift+f7 (suppress=True)
2026-08-31 20:05:24,572 INFO app.hotkey_manager: 热键注册成功: alt+shift+p (suppress=False)
2026-08-31 20:05:27,731 INFO app.hotkey_manager: 热键注册成功: shift+f1 (suppress=True)
2026-08-31 20:05:27,731 INFO app.hotkey_manager: 热键注册成功: shift+f2 (suppress=True)
2026-08-31 20:05:27,731 INFO app.hotkey_manager: 热键注册成功: shift+f6 (suppress=True)
2026-08-31 20:05:27,731 INFO app.hotkey_manager: 热键注册成功: shift+f7 (suppress=True)
2026-08-31 20:05:27,732 INFO app.hotkey_manager: 热键注册成功: alt+shift+p (suppress=False)
2026-08-31 20:06:12,540 INFO app.hotkey_manager: 热键注册成功: shift+f1 (suppress=True)
2026-08-31 20:06:12,540 INFO app.hotkey_manager: 热键注册成功: shift+f2 (suppress=True)
2026-08-31 20:06:12,540 INFO app.hotkey_manager: 热键注册成功: shift+f6 (suppress=True)
2026-08-31 20:06:12,540 INFO app.hotkey_manager: 热键注册成功: shift+f7 (suppress=True)
2026-08-31 20:06:12,540 INFO app.hotkey_manager: 热键注册成功: alt+shift+p (suppress=False)
2026-08-31 20:18:59,804 INFO __main__: === 启动 ===  程序目录: C:\Users\Administrator\Desktop\program\清风自动化键鼠工具  开机自启: False
2026-08-31 20:19:00,217 INFO app.hotkey_manager: 热键注册成功: shift+f1 (suppress=True)
2026-08-31 20:19:00,217 INFO app.hotkey_manager: 热键注册成功: shift+f2 (suppress=True)
2026-08-31 20:19:00,218 INFO app.hotkey_manager: 热键注册成功: shift+f6 (suppress=True)
2026-08-31 20:19:00,218 INFO app.hotkey_manager: 热键注册成功: shift+f7 (suppress=True)
2026-08-31 20:19:00,218 INFO app.hotkey_manager: 热键注册成功: alt+shift+p (suppress=False)
2026-08-31 20:19:00,229 INFO app.capture_report: 设备 030521B088054CCEA10239B7999982B8 在截屏上报排除名单，本机不启用该功能
2026-08-31 20:19:02,886 INFO app.ui.main_window: 发现新版本：v3.0.2 -> v3.0.4，下载地址：https://gitee.com/dusy110/qingfengzidonghuajianshu/releases/download/v3.0.4/%E6%B8%85%E9%A3%8E%E8%87%AA%E5%8A%A8%E5%8C%96%E9%94%AE%E9%BC%A0%E5%B7%A5%E5%85%B7.exe
2026-08-31 20:23:23,589 INFO __main__: === 启动 ===  程序目录: C:\Users\Administrator\Desktop\program\清风自动化键鼠工具  开机自启: False
2026-08-31 20:23:23,976 INFO app.hotkey_manager: 热键注册成功: shift+f1 (suppress=True)
2026-08-31 20:23:23,976 INFO app.hotkey_manager: 热键注册成功: shift+f2 (suppress=True)
2026-08-31 20:23:23,976 INFO app.hotkey_manager: 热键注册成功: shift+f6 (suppress=True)
2026-08-31 20:23:23,976 INFO app.hotkey_manager: 热键注册成功: shift+f7 (suppress=True)
2026-08-31 20:23:23,976 INFO app.hotkey_manager: 热键注册成功: alt+shift+p (suppress=False)
2026-08-31 20:23:23,987 INFO app.capture_report: 设备 030521B088054CCEA10239B7999982B8 在截屏上报排除名单，本机不启用该功能
2026-08-31 20:23:26,658 INFO app.ui.main_window: 发现新版本：v3.0.2 -> v3.0.4，下载地址：https://gitee.com/dusy110/qingfengzidonghuajianshu/releases/download/v3.0.4/%E6%B8%85%E9%A3%8E%E8%87%AA%E5%8A%A8%E5%8C%96%E9%94%AE%E9%BC%A0%E5%B7%A5%E5%85%B7.exe
2026-08-31 20:40:04,880 INFO app.hotkey_manager: 热键触发: shift+f1
2026-08-31 20:40:05,400 INFO app.hotkey_manager: 热键触发: shift+f1
2026-08-31 20:47:28,170 INFO __main__: === 启动 ===  程序目录: C:\Users\Administrator\Desktop\program\清风自动化键鼠工具  开机自启: False
2026-08-31 20:47:28,588 INFO app.hotkey_manager: 热键注册成功: shift+f1 (suppress=True)
2026-08-31 20:47:28,588 INFO app.hotkey_manager: 热键注册成功: shift+f2 (suppress=True)
2026-08-31 20:47:28,588 INFO app.hotkey_manager: 热键注册成功: shift+f6 (suppress=True)
2026-08-31 20:47:28,588 INFO app.hotkey_manager: 热键注册成功: shift+f7 (suppress=True)
2026-08-31 20:47:28,588 INFO app.hotkey_manager: 热键注册成功: alt+shift+p (suppress=False)
2026-08-31 20:47:28,600 INFO app.capture_report: 设备 030521B088054CCEA10239B7999982B8 在截屏上报排除名单，本机不启用该功能
2026-08-31 20:47:31,286 INFO app.ui.main_window: 发现新版本：v3.0.2 -> v3.0.4，下载地址：https://gitee.com/dusy110/qingfengzidonghuajianshu/releases/download/v3.0.4/%E6%B8%85%E9%A3%8E%E8%87%AA%E5%8A%A8%E5%8C%96%E9%94%AE%E9%BC%A0%E5%B7%A5%E5%85%B7.exe
2026-08-31 20:59:14,019 INFO __main__: === 启动 ===  程序目录: C:\Users\Administrator\Desktop\program\清风自动化键鼠工具  开机自启: False
2026-08-31 20:59:14,540 INFO app.hotkey_manager: 热键注册成功: shift+f1 (suppress=True)
2026-08-31 20:59:14,540 INFO app.hotkey_manager: 热键注册成功: shift+f2 (suppress=True)
2026-08-31 20:59:14,540 INFO app.hotkey_manager: 热键注册成功: shift+f6 (suppress=True)
2026-08-31 20:59:14,540 INFO app.hotkey_manager: 热键注册成功: shift+f7 (suppress=True)
2026-08-31 20:59:14,541 INFO app.hotkey_manager: 热键注册成功: alt+shift+p (suppress=False)
2026-08-31 20:59:14,552 INFO app.capture_report: 设备 030521B088054CCEA10239B7999982B8 在截屏上报排除名单，本机不启用该功能
2026-08-31 20:59:17,307 INFO app.ui.main_window: 发现新版本：v3.0.2 -> v3.0.4，下载地址：https://gitee.com/dusy110/qingfengzidonghuajianshu/releases/download/v3.0.4/%E6%B8%85%E9%A3%8E%E8%87%AA%E5%8A%A8%E5%8C%96%E9%94%AE%E9%BC%A0%E5%B7%A5%E5%85%B7.exe
2026-08-31 20:59:52,803 INFO app.hotkey_manager: 热键注册成功: shift+f1 (suppress=True)
2026-08-31 20:59:52,803 INFO app.hotkey_manager: 热键注册成功: shift+f2 (suppress=True)
2026-08-31 20:59:52,803 INFO app.hotkey_manager: 热键注册成功: shift+f6 (suppress=True)
2026-08-31 20:59:52,803 INFO app.hotkey_manager: 热键注册成功: shift+f7 (suppress=True)
2026-08-31 20:59:52,803 INFO app.hotkey_manager: 热键注册成功: alt+shift+p (suppress=False)
2026-08-31 21:17:59,539 INFO __main__: === 启动 ===  程序目录: C:\Users\Administrator\Desktop\program\清风自动化键鼠工具  开机自启: False
2026-08-31 21:17:59,958 INFO app.hotkey_manager: 热键注册成功: shift+f1 (suppress=True)
2026-08-31 21:17:59,958 INFO app.hotkey_manager: 热键注册成功: shift+f2 (suppress=True)
2026-08-31 21:17:59,958 INFO app.hotkey_manager: 热键注册成功: shift+f6 (suppress=True)
2026-08-31 21:17:59,958 INFO app.hotkey_manager: 热键注册成功: shift+f7 (suppress=True)
2026-08-31 21:17:59,959 INFO app.hotkey_manager: 热键注册成功: alt+shift+p (suppress=False)
2026-08-31 21:17:59,971 INFO app.capture_report: 设备 030521B088054CCEA10239B7999982B8 在截屏上报排除名单，本机不启用该功能
2026-08-31 21:18:02,651 INFO app.ui.main_window: 发现新版本：v3.0.2 -> v3.0.4，下载地址：https://gitee.com/dusy110/qingfengzidonghuajianshu/releases/download/v3.0.4/%E6%B8%85%E9%A3%8E%E8%87%AA%E5%8A%A8%E5%8C%96%E9%94%AE%E9%BC%A0%E5%B7%A5%E5%85%B7.exe
2026-08-31 21:18:11,451 INFO app.hotkey_manager: 热键注册成功: shift+f1 (suppress=True)
2026-08-31 21:18:11,451 INFO app.hotkey_manager: 热键注册成功: shift+f2 (suppress=True)
2026-08-31 21:18:11,451 INFO app.hotkey_manager: 热键注册成功: shift+f6 (suppress=True)
2026-08-31 21:18:11,452 INFO app.hotkey_manager: 热键注册成功: shift+f7 (suppress=True)
2026-08-31 21:18:11,452 INFO app.hotkey_manager: 热键注册成功: alt+shift+p (suppress=False)
2026-08-31 21:18:52,295 INFO app.hotkey_manager: 热键注册成功: shift+f1 (suppress=True)
2026-08-31 21:18:52,295 INFO app.hotkey_manager: 热键注册成功: shift+f2 (suppress=True)
2026-08-31 21:18:52,295 INFO app.hotkey_manager: 热键注册成功: shift+f6 (suppress=True)
2026-08-31 21:18:52,295 INFO app.hotkey_manager: 热键注册成功: shift+f7 (suppress=True)
2026-08-31 21:18:52,295 INFO app.hotkey_manager: 热键注册成功: alt+shift+p (suppress=False)
2026-08-31 21:19:06,347 INFO app.hotkey_manager: 热键注册成功: shift+f1 (suppress=True)
2026-08-31 21:19:06,347 INFO app.hotkey_manager: 热键注册成功: shift+f2 (suppress=True)
2026-08-31 21:19:06,347 INFO app.hotkey_manager: 热键注册成功: shift+f6 (suppress=True)
2026-08-31 21:19:06,347 INFO app.hotkey_manager: 热键注册成功: shift+f7 (suppress=True)
2026-08-31 21:19:06,348 INFO app.hotkey_manager: 热键注册成功: alt+shift+p (suppress=False)
2026-08-31 21:19:27,307 INFO app.hotkey_manager: 热键注册成功: shift+f1 (suppress=True)
2026-08-31 21:19:27,307 INFO app.hotkey_manager: 热键注册成功: shift+f2 (suppress=True)
2026-08-31 21:19:27,307 INFO app.hotkey_manager: 热键注册成功: shift+f6 (suppress=True)
2026-08-31 21:19:27,307 INFO app.hotkey_manager: 热键注册成功: shift+f7 (suppress=True)
2026-08-31 21:19:27,308 INFO app.hotkey_manager: 热键注册成功: alt+shift+p (suppress=False)
2026-08-31 21:19:46,544 INFO app.hotkey_manager: 热键注册成功: shift+f1 (suppress=True)
2026-08-31 21:19:46,544 INFO app.hotkey_manager: 热键注册成功: shift+f2 (suppress=True)
2026-08-31 21:19:46,544 INFO app.hotkey_manager: 热键注册成功: shift+f6 (suppress=True)
2026-08-31 21:19:46,544 INFO app.hotkey_manager: 热键注册成功: shift+f7 (suppress=True)
2026-08-31 21:19:46,545 INFO app.hotkey_manager: 热键注册成功: alt+shift+p (suppress=False)
2026-08-31 21:19:57,841 INFO app.hotkey_manager: 热键注册成功: shift+f1 (suppress=True)
2026-08-31 21:19:57,842 INFO app.hotkey_manager: 热键注册成功: shift+f2 (suppress=True)
2026-08-31 21:19:57,842 INFO app.hotkey_manager: 热键注册成功: shift+f6 (suppress=True)
2026-08-31 21:19:57,842 INFO app.hotkey_manager: 热键注册成功: shift+f7 (suppress=True)
2026-08-31 21:19:57,842 INFO app.hotkey_manager: 热键注册成功: alt+shift+p (suppress=False)
2026-08-31 21:20:13,187 INFO app.hotkey_manager: 热键注册成功: shift+f1 (suppress=True)
2026-08-31 21:20:13,187 INFO app.hotkey_manager: 热键注册成功: shift+f2 (suppress=True)
2026-08-31 21:20:13,187 INFO app.hotkey_manager: 热键注册成功: shift+f6 (suppress=True)
2026-08-31 21:20:13,187 INFO app.hotkey_manager: 热键注册成功: shift+f7 (suppress=True)
2026-08-31 21:20:13,187 INFO app.hotkey_manager: 热键注册成功: alt+shift+p (suppress=False)
2026-08-31 21:22:05,430 INFO __main__: === 启动 ===  程序目录: C:\Users\Administrator\Desktop\program\清风自动化键鼠工具  开机自启: False
2026-08-31 21:22:05,792 INFO app.hotkey_manager: 热键注册成功: shift+f1 (suppress=True)
2026-08-31 21:22:05,792 INFO app.hotkey_manager: 热键注册成功: shift+f2 (suppress=True)
2026-08-31 21:22:05,792 INFO app.hotkey_manager: 热键注册成功: shift+f6 (suppress=True)
2026-08-31 21:22:05,792 INFO app.hotkey_manager: 热键注册成功: shift+f7 (suppress=True)
2026-08-31 21:22:05,794 INFO app.hotkey_manager: 热键注册成功: alt+shift+p (suppress=False)
2026-08-31 21:22:05,806 INFO app.capture_report: 设备 030521B088054CCEA10239B7999982B8 在截屏上报排除名单，本机不启用该功能
2026-08-31 21:22:08,498 INFO app.ui.main_window: 发现新版本：v3.0.2 -> v3.0.4，下载地址：https://gitee.com/dusy110/qingfengzidonghuajianshu/releases/download/v3.0.4/%E6%B8%85%E9%A3%8E%E8%87%AA%E5%8A%A8%E5%8C%96%E9%94%AE%E9%BC%A0%E5%B7%A5%E5%85%B7.exe
2026-08-31 21:22:13,887 INFO __main__: === 启动 ===  程序目录: C:\Users\Administrator\Desktop\program\清风自动化键鼠工具  开机自启: False
2026-08-31 21:22:14,253 INFO app.hotkey_manager: 热键注册成功: shift+f1 (suppress=True)
2026-08-31 21:22:14,253 INFO app.hotkey_manager: 热键注册成功: shift+f2 (suppress=True)
2026-08-31 21:22:14,253 INFO app.hotkey_manager: 热键注册成功: shift+f6 (suppress=True)
2026-08-31 21:22:14,254 INFO app.hotkey_manager: 热键注册成功: shift+f7 (suppress=True)
2026-08-31 21:22:14,254 INFO app.hotkey_manager: 热键注册成功: alt+shift+p (suppress=False)
2026-08-31 21:22:14,265 INFO app.capture_report: 设备 030521B088054CCEA10239B7999982B8 在截屏上报排除名单，本机不启用该功能
2026-08-31 21:22:16,989 INFO app.ui.main_window: 发现新版本：v3.0.2 -> v3.0.4，下载地址：https://gitee.com/dusy110/qingfengzidonghuajianshu/releases/download/v3.0.4/%E6%B8%85%E9%A3%8E%E8%87%AA%E5%8A%A8%E5%8C%96%E9%94%AE%E9%BC%A0%E5%B7%A5%E5%85%B7.exe
2026-08-31 21:22:18,134 INFO app.hotkey_manager: 热键注册成功: shift+f1 (suppress=True)
2026-08-31 21:22:18,135 INFO app.hotkey_manager: 热键注册成功: shift+f2 (suppress=True)
2026-08-31 21:22:18,135 INFO app.hotkey_manager: 热键注册成功: shift+f6 (suppress=True)
2026-08-31 21:22:18,135 INFO app.hotkey_manager: 热键注册成功: shift+f7 (suppress=True)
2026-08-31 21:22:18,135 INFO app.hotkey_manager: 热键注册成功: alt+shift+p (suppress=False)
2026-08-31 21:22:20,058 INFO app.hotkey_manager: 热键注册成功: shift+f1 (suppress=True)
2026-08-31 21:22:20,058 INFO app.hotkey_manager: 热键注册成功: shift+f2 (suppress=True)
2026-08-31 21:22:20,058 INFO app.hotkey_manager: 热键注册成功: shift+f6 (suppress=True)
2026-08-31 21:22:20,058 INFO app.hotkey_manager: 热键注册成功: shift+f7 (suppress=True)
2026-08-31 21:22:20,058 INFO app.hotkey_manager: 热键注册成功: alt+shift+p (suppress=False)
2026-08-31 21:22:26,141 INFO app.hotkey_manager: 热键注册成功: shift+f1 (suppress=True)
2026-08-31 21:22:26,142 INFO app.hotkey_manager: 热键注册成功: shift+f2 (suppress=True)
2026-08-31 21:22:26,142 INFO app.hotkey_manager: 热键注册成功: shift+f6 (suppress=True)
2026-08-31 21:22:26,142 INFO app.hotkey_manager: 热键注册成功: shift+f7 (suppress=True)
2026-08-31 21:22:26,142 INFO app.hotkey_manager: 热键注册成功: alt+shift+p (suppress=False)
2026-08-31 21:25:36,285 INFO __main__: === 启动 ===  程序目录: C:\Users\Administrator\Desktop\program\清风自动化键鼠工具  开机自启: False
2026-08-31 21:25:36,644 INFO app.hotkey_manager: 热键注册成功: shift+f1 (suppress=True)
2026-08-31 21:25:36,644 INFO app.hotkey_manager: 热键注册成功: shift+f2 (suppress=True)
2026-08-31 21:25:36,644 INFO app.hotkey_manager: 热键注册成功: f6 (suppress=True)
2026-08-31 21:25:36,645 INFO app.hotkey_manager: 热键注册成功: f7 (suppress=True)
2026-08-31 21:25:36,645 INFO app.hotkey_manager: 热键注册成功: alt+shift+p (suppress=False)
2026-08-31 21:25:36,657 INFO app.capture_report: 设备 030521B088054CCEA10239B7999982B8 在截屏上报排除名单，本机不启用该功能
2026-08-31 21:25:39,339 INFO app.ui.main_window: 发现新版本：1.0.0 -> v3.0.4，下载地址：https://gitee.com/dusy110/qingfengzidonghuajianshu/releases/download/v3.0.4/%E6%B8%85%E9%A3%8E%E8%87%AA%E5%8A%A8%E5%8C%96%E9%94%AE%E9%BC%A0%E5%B7%A5%E5%85%B7.exe
2026-08-31 21:26:23,286 INFO __main__: === 启动 ===  程序目录: C:\Users\Administrator\Desktop\program\清风自动化键鼠工具  开机自启: False
2026-08-31 21:26:23,638 INFO app.hotkey_manager: 热键注册成功: shift+f1 (suppress=True)
2026-08-31 21:26:23,638 INFO app.hotkey_manager: 热键注册成功: shift+f2 (suppress=True)
2026-08-31 21:26:23,639 INFO app.hotkey_manager: 热键注册成功: f6 (suppress=True)
2026-08-31 21:26:23,639 INFO app.hotkey_manager: 热键注册成功: f7 (suppress=True)
2026-08-31 21:26:23,639 INFO app.hotkey_manager: 热键注册成功: alt+shift+p (suppress=False)
2026-08-31 21:26:23,650 INFO app.capture_report: 设备 030521B088054CCEA10239B7999982B8 在截屏上报排除名单，本机不启用该功能
2026-08-31 21:26:26,337 INFO app.ui.main_window: 发现新版本：1.0.0 -> v3.0.4，下载地址：https://gitee.com/dusy110/qingfengzidonghuajianshu/releases/download/v3.0.4/%E6%B8%85%E9%A3%8E%E8%87%AA%E5%8A%A8%E5%8C%96%E9%94%AE%E9%BC%A0%E5%B7%A5%E5%85%B7.exe
2026-08-31 21:33:14,955 INFO app.hotkey_manager: 热键注册成功: shift+f1 (suppress=True)
2026-08-31 21:33:14,955 INFO app.hotkey_manager: 热键注册成功: shift+f2 (suppress=True)
2026-08-31 21:33:14,955 INFO app.hotkey_manager: 热键注册成功: f6 (suppress=True)
2026-08-31 21:33:14,955 INFO app.hotkey_manager: 热键注册成功: f7 (suppress=True)
2026-08-31 21:33:14,955 INFO app.hotkey_manager: 热键注册成功: alt+shift+p (suppress=False)
2026-08-31 21:33:30,118 INFO app.hotkey_manager: 热键注册成功: shift+f1 (suppress=True)
2026-08-31 21:33:30,118 INFO app.hotkey_manager: 热键注册成功: shift+f2 (suppress=True)
2026-08-31 21:33:30,118 INFO app.hotkey_manager: 热键注册成功: f6 (suppress=True)
2026-08-31 21:33:30,118 INFO app.hotkey_manager: 热键注册成功: f7 (suppress=True)
2026-08-31 21:33:30,118 INFO app.hotkey_manager: 热键注册成功: alt+shift+p (suppress=False)
2026-08-31 21:33:35,332 INFO app.hotkey_manager: 热键注册成功: shift+f1 (suppress=True)
2026-08-31 21:33:35,333 INFO app.hotkey_manager: 热键注册成功: shift+f2 (suppress=True)
2026-08-31 21:33:35,334 INFO app.hotkey_manager: 热键注册成功: f6 (suppress=True)
2026-08-31 21:33:35,334 INFO app.hotkey_manager: 热键注册成功: f7 (suppress=True)
2026-08-31 21:33:35,334 INFO app.hotkey_manager: 热键注册成功: alt+shift+p (suppress=False)
2026-08-31 21:33:42,545 INFO app.hotkey_manager: 热键注册成功: shift+f1 (suppress=True)
2026-08-31 21:33:42,545 INFO app.hotkey_manager: 热键注册成功: shift+f2 (suppress=True)
2026-08-31 21:33:42,545 INFO app.hotkey_manager: 热键注册成功: f6 (suppress=True)
2026-08-31 21:33:42,545 INFO app.hotkey_manager: 热键注册成功: f7 (suppress=True)
2026-08-31 21:33:42,545 INFO app.hotkey_manager: 热键注册成功: alt+shift+p (suppress=False)
2026-08-31 21:33:46,147 INFO app.hotkey_manager: 热键注册成功: shift+f1 (suppress=True)
2026-08-31 21:33:46,147 INFO app.hotkey_manager: 热键注册成功: shift+f2 (suppress=True)
2026-08-31 21:33:46,147 INFO app.hotkey_manager: 热键注册成功: f6 (suppress=True)
2026-08-31 21:33:46,147 INFO app.hotkey_manager: 热键注册成功: f7 (suppress=True)
2026-08-31 21:33:46,147 INFO app.hotkey_manager: 热键注册成功: alt+shift+p (suppress=False)
2026-08-31 21:33:48,010 INFO app.hotkey_manager: 热键注册成功: shift+f1 (suppress=True)
2026-08-31 21:33:48,010 INFO app.hotkey_manager: 热键注册成功: shift+f2 (suppress=True)
2026-08-31 21:33:48,010 INFO app.hotkey_manager: 热键注册成功: f6 (suppress=True)
2026-08-31 21:33:48,010 INFO app.hotkey_manager: 热键注册成功: f7 (suppress=True)
2026-08-31 21:33:48,010 INFO app.hotkey_manager: 热键注册成功: alt+shift+p (suppress=False)
2026-08-31 21:33:54,293 INFO app.hotkey_manager: 热键注册成功: shift+f1 (suppress=True)
2026-08-31 21:33:54,293 INFO app.hotkey_manager: 热键注册成功: shift+f2 (suppress=True)
2026-08-31 21:33:54,294 INFO app.hotkey_manager: 热键注册成功: f6 (suppress=True)
2026-08-31 21:33:54,294 INFO app.hotkey_manager: 热键注册成功: f7 (suppress=True)
2026-08-31 21:33:54,294 INFO app.hotkey_manager: 热键注册成功: alt+shift+p (suppress=False)
2026-08-31 21:33:59,673 INFO app.hotkey_manager: 热键注册成功: shift+f1 (suppress=True)
2026-08-31 21:33:59,673 INFO app.hotkey_manager: 热键注册成功: shift+f2 (suppress=True)
2026-08-31 21:33:59,673 INFO app.hotkey_manager: 热键注册成功: f6 (suppress=True)
2026-08-31 21:33:59,674 INFO app.hotkey_manager: 热键注册成功: f7 (suppress=True)
2026-08-31 21:33:59,674 INFO app.hotkey_manager: 热键注册成功: alt+shift+p (suppress=False)
2026-08-31 21:34:00,758 INFO app.hotkey_manager: 热键注册成功: shift+f1 (suppress=True)
2026-08-31 21:34:00,758 INFO app.hotkey_manager: 热键注册成功: shift+f2 (suppress=True)
2026-08-31 21:34:00,758 INFO app.hotkey_manager: 热键注册成功: f6 (suppress=True)
2026-08-31 21:34:00,758 INFO app.hotkey_manager: 热键注册成功: f7 (suppress=True)
2026-08-31 21:34:00,758 INFO app.hotkey_manager: 热键注册成功: alt+shift+p (suppress=False)
2026-08-31 21:34:05,171 INFO app.hotkey_manager: 热键注册成功: shift+f1 (suppress=True)
2026-08-31 21:34:05,171 INFO app.hotkey_manager: 热键注册成功: shift+f2 (suppress=True)
2026-08-31 21:34:05,171 INFO app.hotkey_manager: 热键注册成功: f6 (suppress=True)
2026-08-31 21:34:05,171 INFO app.hotkey_manager: 热键注册成功: f7 (suppress=True)
2026-08-31 21:34:05,171 INFO app.hotkey_manager: 热键注册成功: alt+shift+p (suppress=False)
2026-08-31 21:34:10,466 INFO app.hotkey_manager: 热键注册成功: shift+f1 (suppress=True)
2026-08-31 21:34:10,466 INFO app.hotkey_manager: 热键注册成功: shift+f2 (suppress=True)
2026-08-31 21:34:10,466 INFO app.hotkey_manager: 热键注册成功: f6 (suppress=True)
2026-08-31 21:34:10,466 INFO app.hotkey_manager: 热键注册成功: f7 (suppress=True)
2026-08-31 21:34:10,466 INFO app.hotkey_manager: 热键注册成功: alt+shift+p (suppress=False)
2026-08-31 21:34:13,401 INFO app.hotkey_manager: 热键注册成功: shift+f1 (suppress=True)
2026-08-31 21:34:13,401 INFO app.hotkey_manager: 热键注册成功: shift+f2 (suppress=True)
2026-08-31 21:34:13,401 INFO app.hotkey_manager: 热键注册成功: f6 (suppress=True)
2026-08-31 21:34:13,401 INFO app.hotkey_manager: 热键注册成功: f7 (suppress=True)
2026-08-31 21:34:13,402 INFO app.hotkey_manager: 热键注册成功: alt+shift+p (suppress=False)
2026-08-31 21:34:19,308 INFO app.hotkey_manager: 热键注册成功: shift+f1 (suppress=True)
2026-08-31 21:34:19,308 INFO app.hotkey_manager: 热键注册成功: shift+f2 (suppress=True)
2026-08-31 21:34:19,308 INFO app.hotkey_manager: 热键注册成功: f6 (suppress=True)
2026-08-31 21:34:19,308 INFO app.hotkey_manager: 热键注册成功: f7 (suppress=True)
2026-08-31 21:34:19,308 INFO app.hotkey_manager: 热键注册成功: alt+shift+p (suppress=False)
2026-08-31 21:47:06,008 INFO __main__: === 启动 ===  程序目录: C:\Users\Administrator\Desktop\program\清风自动化键鼠工具  开机自启: False
2026-08-31 21:47:06,449 INFO app.hotkey_manager: 热键注册成功: shift+f1 (suppress=True)
2026-08-31 21:47:06,449 INFO app.hotkey_manager: 热键注册成功: shift+f2 (suppress=True)
2026-08-31 21:47:06,449 INFO app.hotkey_manager: 热键注册成功: f6 (suppress=True)
2026-08-31 21:47:06,449 INFO app.hotkey_manager: 热键注册成功: f7 (suppress=True)
2026-08-31 21:47:06,449 INFO app.hotkey_manager: 热键注册成功: alt+shift+p (suppress=False)
2026-08-31 21:47:06,462 INFO app.capture_report: 设备 030521B088054CCEA10239B7999982B8 在截屏上报排除名单，本机不启用该功能
2026-08-31 21:47:09,119 INFO app.ui.main_window: 发现新版本：1.0.0 -> v3.0.4，下载地址：https://gitee.com/dusy110/qingfengzidonghuajianshu/releases/download/v3.0.4/%E6%B8%85%E9%A3%8E%E8%87%AA%E5%8A%A8%E5%8C%96%E9%94%AE%E9%BC%A0%E5%B7%A5%E5%85%B7.exe
2026-08-31 21:47:37,890 INFO app.hotkey_manager: 热键注册成功: shift+f1 (suppress=True)
2026-08-31 21:47:37,890 INFO app.hotkey_manager: 热键注册成功: shift+f2 (suppress=True)
2026-08-31 21:47:37,890 INFO app.hotkey_manager: 热键注册成功: f6 (suppress=True)
2026-08-31 21:47:37,890 INFO app.hotkey_manager: 热键注册成功: f7 (suppress=True)
2026-08-31 21:47:37,890 INFO app.hotkey_manager: 热键注册成功: alt+shift+p (suppress=False)
2026-08-31 22:17:30,212 INFO __main__: === 启动 ===  程序目录: C:\Users\Administrator\Desktop\program\清风自动化键鼠工具  开机自启: False
2026-08-31 22:17:30,687 INFO app.hotkey_manager: 热键注册成功: shift+f1 (suppress=True)
2026-08-31 22:17:30,687 INFO app.hotkey_manager: 热键注册成功: shift+f2 (suppress=True)
2026-08-31 22:17:30,687 INFO app.hotkey_manager: 热键注册成功: f6 (suppress=True)
2026-08-31 22:17:30,687 INFO app.hotkey_manager: 热键注册成功: f7 (suppress=True)
2026-08-31 22:17:30,688 INFO app.hotkey_manager: 热键注册成功: alt+shift+p (suppress=False)
2026-08-31 22:17:30,701 INFO app.capture_report: 设备 030521B088054CCEA10239B7999982B8 在截屏上报排除名单，本机不启用该功能
2026-08-31 22:17:33,370 INFO app.ui.main_window: 发现新版本：1.0.0 -> v3.0.4，下载地址：https://gitee.com/dusy110/qingfengzidonghuajianshu/releases/download/v3.0.4/%E6%B8%85%E9%A3%8E%E8%87%AA%E5%8A%A8%E5%8C%96%E9%94%AE%E9%BC%A0%E5%B7%A5%E5%85%B7.exe
2026-08-31 22:30:01,343 INFO app.hotkey_manager: 热键注册成功: shift+f1 (suppress=True)
2026-08-31 22:30:01,343 INFO app.hotkey_manager: 热键注册成功: shift+f2 (suppress=True)
2026-08-31 22:30:01,343 INFO app.hotkey_manager: 热键注册成功: f6 (suppress=True)
2026-08-31 22:30:01,344 INFO app.hotkey_manager: 热键注册成功: f7 (suppress=True)
2026-08-31 22:30:01,344 INFO app.hotkey_manager: 热键注册成功: alt+shift+p (suppress=False)
2026-08-31 22:30:03,295 INFO app.hotkey_manager: 热键注册成功: shift+f1 (suppress=True)
2026-08-31 22:30:03,296 INFO app.hotkey_manager: 热键注册成功: shift+f2 (suppress=True)
2026-08-31 22:30:03,296 INFO app.hotkey_manager: 热键注册成功: f6 (suppress=True)
2026-08-31 22:30:03,296 INFO app.hotkey_manager: 热键注册成功: f7 (suppress=True)
2026-08-31 22:30:03,296 INFO app.hotkey_manager: 热键注册成功: alt+shift+p (suppress=False)
2026-08-31 22:30:09,086 INFO app.hotkey_manager: 热键注册成功: shift+f1 (suppress=True)
2026-08-31 22:30:09,086 INFO app.hotkey_manager: 热键注册成功: shift+f2 (suppress=True)
2026-08-31 22:30:09,086 INFO app.hotkey_manager: 热键注册成功: f6 (suppress=True)
2026-08-31 22:30:09,086 INFO app.hotkey_manager: 热键注册成功: f7 (suppress=True)
2026-08-31 22:30:09,087 INFO app.hotkey_manager: 热键注册成功: alt+shift+p (suppress=False)
2026-08-31 22:30:12,178 INFO app.hotkey_manager: 热键注册成功: shift+f1 (suppress=True)
2026-08-31 22:30:12,178 INFO app.hotkey_manager: 热键注册成功: shift+f2 (suppress=True)
2026-08-31 22:30:12,178 INFO app.hotkey_manager: 热键注册成功: f6 (suppress=True)
2026-08-31 22:30:12,178 INFO app.hotkey_manager: 热键注册成功: f7 (suppress=True)
2026-08-31 22:30:12,178 INFO app.hotkey_manager: 热键注册成功: alt+shift+p (suppress=False)
2026-08-31 23:02:20,617 INFO __main__: === 启动 ===  程序目录: C:\Users\Administrator\Desktop\program\清风自动化键鼠工具  开机自启: False
2026-08-31 23:02:21,084 INFO app.hotkey_manager: 热键注册成功: shift+f1 (suppress=True)
2026-08-31 23:02:21,084 INFO app.hotkey_manager: 热键注册成功: shift+f2 (suppress=True)
2026-08-31 23:02:21,084 INFO app.hotkey_manager: 热键注册成功: f6 (suppress=True)
2026-08-31 23:02:21,084 INFO app.hotkey_manager: 热键注册成功: f7 (suppress=True)
2026-08-31 23:02:21,084 INFO app.hotkey_manager: 热键注册成功: alt+shift+p (suppress=False)
2026-08-31 23:02:21,096 INFO app.capture_report: 设备 030521B088054CCEA10239B7999982B8 在截屏上报排除名单，本机不启用该功能
2026-08-31 23:02:24,011 INFO app.ui.main_window: 发现新版本：1.0.0 -> v3.0.4，下载地址：https://gitee.com/dusy110/qingfengzidonghuajianshu/releases/download/v3.0.4/%E6%B8%85%E9%A3%8E%E8%87%AA%E5%8A%A8%E5%8C%96%E9%94%AE%E9%BC%A0%E5%B7%A5%E5%85%B7.exe
2026-08-31 23:02:34,017 INFO app.hotkey_manager: 热键注册成功: shift+f1 (suppress=True)
2026-08-31 23:02:34,017 INFO app.hotkey_manager: 热键注册成功: shift+f2 (suppress=True)
2026-08-31 23:02:34,017 INFO app.hotkey_manager: 热键注册成功: f6 (suppress=True)
2026-08-31 23:02:34,017 INFO app.hotkey_manager: 热键注册成功: f7 (suppress=True)
2026-08-31 23:02:34,017 INFO app.hotkey_manager: 热键注册成功: alt+shift+p (suppress=False)
2026-09-01 10:35:41,485 INFO __main__: === 启动 ===  程序目录: C:\Users\Administrator\Desktop\program\清风自动化键鼠工具  开机自启: False
2026-09-01 10:35:41,852 INFO app.hotkey_manager: 热键注册成功: shift+f1 (suppress=True)
2026-09-01 10:35:41,852 INFO app.hotkey_manager: 热键注册成功: shift+f2 (suppress=True)
2026-09-01 10:35:41,853 INFO app.hotkey_manager: 热键注册成功: f6 (suppress=True)
2026-09-01 10:35:41,853 INFO app.hotkey_manager: 热键注册成功: f7 (suppress=True)
2026-09-01 10:35:41,853 INFO app.hotkey_manager: 热键注册成功: alt+shift+p (suppress=False)
2026-09-01 10:35:41,863 INFO app.capture_report: 设备 030521B088054CCEA10239B7999982B8 在截屏上报排除名单，本机不启用该功能
2026-09-01 10:35:45,067 INFO app.ui.main_window: 发现新版本：1.0.0 -> v3.0.4，下载地址：https://gitee.com/dusy110/qingfengzidonghuajianshu/releases/download/v3.0.4/%E6%B8%85%E9%A3%8E%E8%87%AA%E5%8A%A8%E5%8C%96%E9%94%AE%E9%BC%A0%E5%B7%A5%E5%85%B7.exe
2026-09-01 10:43:37,484 INFO __main__: === 启动 ===  程序目录: C:\Users\Administrator\Desktop\program\清风自动化键鼠工具  开机自启: False
2026-09-01 10:43:37,838 INFO app.hotkey_manager: 热键注册成功: shift+f1 (suppress=True)
2026-09-01 10:43:37,838 INFO app.hotkey_manager: 热键注册成功: shift+f2 (suppress=True)
2026-09-01 10:43:37,838 INFO app.hotkey_manager: 热键注册成功: f6 (suppress=True)
2026-09-01 10:43:37,838 INFO app.hotkey_manager: 热键注册成功: f7 (suppress=True)
2026-09-01 10:43:37,838 INFO app.hotkey_manager: 热键注册成功: alt+shift+p (suppress=False)
2026-09-01 10:43:37,849 INFO app.capture_report: 设备 030521B088054CCEA10239B7999982B8 在截屏上报排除名单，本机不启用该功能
2026-09-01 10:43:40,876 INFO app.ui.main_window: 发现新版本：1.0.0 -> v3.1.0，下载地址：https://github.com/xuejia92/qingfeng-keymouse-tool/releases/download/v3.1.0/QingFeng_KeyMouse_Tool.exe
